station,time,mooring_site_desc,current_speed,current_speed_qc,current_direction,current_direction_qc,temperature,temperature_qc,longitude,latitude,depth
,UTC,,cm/s,1,angular_degrees,1,celsius,1,degrees_east,degrees_north,m
E01,2014-11-01T00:00:00Z,Central Maine Shelf,14.0784,0,226.6588,0,11.97504,0,-69.355774,43.71517,2.0
E01,2014-11-01T01:00:00Z,Central Maine Shelf,9.3856,0,243.184,0,11.97504,0,-69.355774,43.71517,2.0
E01,2014-11-01T02:00:00Z,Central Maine Shelf,7.9191,0,246.3484,0,11.97504,0,-69.355774,43.71517,2.0
E01,2014-11-01T03:00:00Z,Central Maine Shelf,5.5727,0,231.2296,0,11.94343,0,-69.355774,43.71517,2.0
E01,2014-11-01T04:00:00Z,Central Maine Shelf,3.5196,0,235.4488,0,11.94343,0,-69.355774,43.71517,2.0
E01,2014-11-01T05:00:00Z,Central Maine Shelf,6.1593,0,273.7732,0,11.94343,0,-69.355774,43.71517,2.0
E01,2014-11-01T06:00:00Z,Central Maine Shelf,11.1454,0,287.4856,0,11.94343,0,-69.355774,43.71517,2.0
E01,2014-11-01T07:00:00Z,Central Maine Shelf,10.2655,0,304.3624,0,11.94343,0,-69.355774,43.71517,2.0
E01,2014-11-01T08:00:00Z,Central Maine Shelf,12.0253,0,289.2436,0,11.94343,0,-69.355774,43.71517,2.0
E01,2014-11-01T09:00:00Z,Central Maine Shelf,7.9191,0,291.7048,0,11.94343,0,-69.355774,43.71517,2.0
E01,2014-11-01T10:00:00Z,Central Maine Shelf,15.5449,0,258.3028,0,11.911818,0,-69.355774,43.71517,2.0
E01,2014-11-01T11:00:00Z,Central Maine Shelf,15.8382,0,250.216,0,11.94343,0,-69.355774,43.71517,2.0
E01,2014-11-01T12:00:00Z,Central Maine Shelf,20.531,0,237.91,0,11.911818,0,-69.355774,43.71517,2.0
E01,2014-11-01T13:00:00Z,Central Maine Shelf,24.0506,0,234.7456,0,11.911818,0,-69.355774,43.71517,2.0
E01,2014-11-01T14:00:00Z,Central Maine Shelf,18.1846,0,242.8324,0,11.911818,0,-69.355774,43.71517,2.0
E01,2014-11-01T15:00:00Z,Central Maine Shelf,21.1176,0,257.5996,0,11.911818,0,-69.355774,43.71517,2.0
E01,2014-11-01T16:00:00Z,Central Maine Shelf,19.0645,0,242.1292,0,11.94343,0,-69.355774,43.71517,2.0
E01,2014-11-01T17:00:00Z,Central Maine Shelf,18.7712,0,248.1064,0,11.94343,0,-69.355774,43.71517,2.0
E01,2014-11-01T18:00:00Z,Central Maine Shelf,29.6233,0,259.006,0,11.94343,0,-69.355774,43.71517,2.0
E01,2014-11-01T19:00:00Z,Central Maine Shelf,23.1707,0,279.0472,0,11.880205,0,-69.355774,43.71517,2.0
E01,2014-11-01T20:00:00Z,Central Maine Shelf,24.0506,0,266.3896,0,11.911818,0,-69.355774,43.71517,2.0
E01,2014-11-01T21:00:00Z,Central Maine Shelf,20.531,0,248.458,0,11.911818,0,-69.355774,43.71517,2.0
E01,2014-11-01T22:00:00Z,Central Maine Shelf,25.8104,0,258.6544,0,11.911818,0,-69.355774,43.71517,2.0
E01,2014-11-01T23:00:00Z,Central Maine Shelf,26.6903,0,249.5128,0,11.94343,0,-69.355774,43.71517,2.0
E01,2014-11-02T00:00:00Z,Central Maine Shelf,26.1037,0,216.1108,0,11.911818,0,-69.355774,43.71517,2.0
E01,2014-11-02T01:00:00Z,Central Maine Shelf,30.5032,0,219.6268,0,11.94343,0,-69.355774,43.71517,2.0
E01,2014-11-02T02:00:00Z,Central Maine Shelf,30.2099,0,209.782,0,11.94343,0,-69.355774,43.71517,2.0
E01,2014-11-02T03:00:00Z,Central Maine Shelf,25.8104,0,221.0332,0,11.94343,0,-69.355774,43.71517,2.0
E01,2014-11-02T04:00:00Z,Central Maine Shelf,26.6903,0,222.088,0,11.94343,0,-69.355774,43.71517,2.0
E01,2014-11-02T05:00:00Z,Central Maine Shelf,22.5841,0,228.7684,0,11.94343,0,-69.355774,43.71517,2.0
E01,2014-11-02T06:00:00Z,Central Maine Shelf,15.5449,0,245.9968,0,11.94343,0,-69.355774,43.71517,2.0
E01,2014-11-02T07:00:00Z,Central Maine Shelf,25.8104,0,230.5264,0,11.911818,0,-69.355774,43.71517,2.0
E01,2014-11-02T08:00:00Z,Central Maine Shelf,19.6511,0,255.1384,0,11.94343,0,-69.355774,43.71517,2.0
E01,2014-11-02T09:00:00Z,Central Maine Shelf,21.9975,0,254.0836,0,11.94343,0,-69.355774,43.71517,2.0
E01,2014-11-02T10:00:00Z,Central Maine Shelf,26.1037,0,253.0288,0,11.97504,0,-69.355774,43.71517,2.0
E01,2014-11-02T11:00:00Z,Central Maine Shelf,34.3161,0,231.9328,0,11.94343,0,-69.355774,43.71517,2.0
E01,2014-11-02T12:00:00Z,Central Maine Shelf,36.9558,0,245.9968,0,11.97504,0,-69.355774,43.71517,2.0
E01,2014-11-02T13:00:00Z,Central Maine Shelf,34.3161,0,218.9236,0,11.94343,0,-69.355774,43.71517,2.0
E01,2014-11-02T14:00:00Z,Central Maine Shelf,31.0898,0,226.3072,0,11.97504,0,-69.355774,43.71517,2.0
E01,2014-11-02T15:00:00Z,Central Maine Shelf,48.1012,0,218.9236,0,11.94343,0,-69.355774,43.71517,2.0
E01,2014-11-02T16:00:00Z,Central Maine Shelf,29.6233,0,211.1884,0,11.97504,0,-69.355774,43.71517,2.0
E01,2014-11-02T17:00:00Z,Central Maine Shelf,25.2238,0,208.7272,0,11.97504,0,-69.355774,43.71517,2.0
E01,2014-11-02T18:00:00Z,Central Maine Shelf,31.0898,0,208.3756,0,11.97504,0,-69.355774,43.71517,2.0
E01,2014-11-02T19:00:00Z,Central Maine Shelf,25.5171,0,216.4624,0,12.038258,0,-69.355774,43.71517,2.0
E01,2014-11-02T20:00:00Z,Central Maine Shelf,46.928,0,209.0788,0,11.911818,0,-69.355774,43.71517,2.0
E01,2014-11-02T21:00:00Z,Central Maine Shelf,46.3414,0,208.3756,0,11.97504,0,-69.355774,43.71517,2.0
E01,2014-11-02T22:00:00Z,Central Maine Shelf,46.928,0,209.4304,0,11.97504,0,-69.355774,43.71517,2.0
E01,2014-11-02T23:00:00Z,Central Maine Shelf,51.3275,0,208.3756,0,11.94343,0,-69.355774,43.71517,2.0
E01,2014-11-03T00:00:00Z,Central Maine Shelf,55.727,0,206.9692,0,11.84859,0,-69.355774,43.71517,2.0
E01,2014-11-03T01:00:00Z,Central Maine Shelf,32.8496,0,219.2752,0,11.880205,0,-69.355774,43.71517,2.0
E01,2014-11-03T02:00:00Z,Central Maine Shelf,41.9419,0,215.056,0,11.84859,0,-69.355774,43.71517,2.0
E01,2014-11-03T03:00:00Z,Central Maine Shelf,41.3553,0,201.3436,0,11.816975,0,-69.355774,43.71517,2.0
E01,2014-11-03T04:00:00Z,Central Maine Shelf,27.2769,0,199.5856,0,11.816975,0,-69.355774,43.71517,2.0
E01,2014-11-03T05:00:00Z,Central Maine Shelf,40.4754,0,177.7864,0,11.6904955,0,-69.355774,43.71517,2.0
E01,2014-11-03T06:00:00Z,Central Maine Shelf,24.9305,0,176.38,0,11.6904955,0,-69.355774,43.71517,2.0
E01,2014-11-03T07:00:00Z,Central Maine Shelf,17.598,0,199.5856,0,11.722117,0,-69.355774,43.71517,2.0
E01,2014-11-03T08:00:00Z,Central Maine Shelf,19.9444,0,198.1792,0,11.722117,0,-69.355774,43.71517,2.0
E01,2014-11-03T09:00:00Z,Central Maine Shelf,17.598,0,194.6632,0,11.753738,0,-69.355774,43.71517,2.0
E01,2014-11-03T10:00:00Z,Central Maine Shelf,15.5449,0,199.234,0,11.753738,0,-69.355774,43.71517,2.0
E01,2014-11-03T11:00:00Z,Central Maine Shelf,15.8382,0,211.54,0,11.753738,0,-69.355774,43.71517,2.0
E01,2014-11-03T12:00:00Z,Central Maine Shelf,24.3439,0,231.5812,0,11.658873,0,-69.355774,43.71517,2.0
E01,2014-11-03T13:00:00Z,Central Maine Shelf,25.8104,0,202.75,0,11.437463,0,-69.355774,43.71517,2.0
E01,2014-11-03T14:00:00Z,Central Maine Shelf,27.8635,0,214.0012,0,11.3741865,0,-69.355774,43.71517,2.0
E01,2014-11-03T15:00:00Z,Central Maine Shelf,24.3439,0,202.3984,0,11.3741865,0,-69.355774,43.71517,2.0
E01,2014-11-03T16:00:00Z,Central Maine Shelf,17.598,0,202.3984,0,11.342546,0,-69.355774,43.71517,2.0
E01,2014-11-03T17:00:00Z,Central Maine Shelf,17.598,0,203.4532,0,11.342546,0,-69.355774,43.71517,2.0
E01,2014-11-03T18:00:00Z,Central Maine Shelf,7.6258,0,218.572,0,11.342546,0,-69.355774,43.71517,2.0
E01,2014-11-03T19:00:00Z,Central Maine Shelf,9.9722,0,180.2476,0,11.3741865,0,-69.355774,43.71517,2.0
E01,2014-11-03T20:00:00Z,Central Maine Shelf,14.3717,0,169.348,0,11.3741865,0,-69.355774,43.71517,2.0
E01,2014-11-03T21:00:00Z,Central Maine Shelf,3.8129,0,186.2248,0,11.3741865,0,-69.355774,43.71517,2.0
E01,2014-11-03T22:00:00Z,Central Maine Shelf,2.3464,0,245.6452,0,11.3741865,0,-69.355774,43.71517,2.0
E01,2014-11-03T23:00:00Z,Central Maine Shelf,12.0253,0,183.7636,0,11.342546,0,-69.355774,43.71517,2.0
E01,2014-11-04T00:00:00Z,Central Maine Shelf,7.9191,0,168.2932,0,11.342546,0,-69.355774,43.71517,2.0
E01,2014-11-04T01:00:00Z,Central Maine Shelf,14.3717,0,191.1472,0,11.3741865,0,-69.355774,43.71517,2.0
E01,2014-11-04T02:00:00Z,Central Maine Shelf,18.1846,0,188.686,0,11.310904,0,-69.355774,43.71517,2.0
E01,2014-11-04T03:00:00Z,Central Maine Shelf,13.7851,0,167.2384,0,11.310904,0,-69.355774,43.71517,2.0
E01,2014-11-04T04:00:00Z,Central Maine Shelf,16.4248,0,175.3252,0,11.310904,0,-69.355774,43.71517,2.0
E01,2014-11-04T05:00:00Z,Central Maine Shelf,9.6789,0,191.8504,0,11.342546,0,-69.355774,43.71517,2.0
E01,2014-11-04T06:00:00Z,Central Maine Shelf,10.5588,0,198.8824,0,11.405826,0,-69.355774,43.71517,2.0
E01,2014-11-04T07:00:00Z,Central Maine Shelf,4.1062,0,186.2248,0,11.437463,0,-69.355774,43.71517,2.0
E01,2014-11-04T08:00:00Z,Central Maine Shelf,2.0531,0,331.4356,0,11.3741865,0,-69.355774,43.71517,2.0
E01,2014-11-04T09:00:00Z,Central Maine Shelf,3.8129,0,300.4948,0,11.247613,0,-69.355774,43.71517,2.0
E01,2014-11-04T10:00:00Z,Central Maine Shelf,2.933,0,219.9784,0,11.27926,0,-69.355774,43.71517,2.0
E01,2014-11-04T11:00:00Z,Central Maine Shelf,4.9861,0,305.7688,0,11.247613,0,-69.355774,43.71517,2.0
E01,2014-11-04T12:00:00Z,Central Maine Shelf,7.9191,0,268.1476,0,11.27926,0,-69.355774,43.71517,2.0
E01,2014-11-04T13:00:00Z,Central Maine Shelf,7.6258,0,276.2344,0,11.27926,0,-69.355774,43.71517,2.0
E01,2014-11-04T14:00:00Z,Central Maine Shelf,5.2794,0,257.5996,0,11.27926,0,-69.355774,43.71517,2.0
E01,2014-11-04T15:00:00Z,Central Maine Shelf,6.7459,0,251.974,0,11.310904,0,-69.355774,43.71517,2.0
E01,2014-11-04T16:00:00Z,Central Maine Shelf,5.866,0,245.6452,0,11.342546,0,-69.355774,43.71517,2.0
E01,2014-11-04T17:00:00Z,Central Maine Shelf,4.6928,0,231.5812,0,11.405826,0,-69.355774,43.71517,2.0
E01,2014-11-04T18:00:00Z,Central Maine Shelf,3.8129,0,340.5772,0,11.3741865,0,-69.355774,43.71517,2.0
E01,2014-11-04T19:00:00Z,Central Maine Shelf,2.933,0,333.5452,0,11.3741865,0,-69.355774,43.71517,2.0
E01,2014-11-04T20:00:00Z,Central Maine Shelf,9.0923,0,16.0504,0,11.342546,0,-69.355774,43.71517,2.0
E01,2014-11-04T21:00:00Z,Central Maine Shelf,9.6789,0,5.1508,0,11.342546,0,-69.355774,43.71517,2.0
E01,2014-11-04T22:00:00Z,Central Maine Shelf,7.3325,0,352.1416,0,11.310904,0,-69.355774,43.71517,2.0
E01,2014-11-04T23:00:00Z,Central Maine Shelf,10.2655,0,350.7352,0,11.3741865,0,-69.355774,43.71517,2.0
E01,2014-11-05T00:00:00Z,Central Maine Shelf,10.5588,0,331.084,0,11.342546,0,-69.355774,43.71517,2.0
E01,2014-11-05T01:00:00Z,Central Maine Shelf,7.6258,0,317.7232,0,11.342546,0,-69.355774,43.71517,2.0
E01,2014-11-05T02:00:00Z,Central Maine Shelf,9.3856,0,300.4948,0,11.310904,0,-69.355774,43.71517,2.0
E01,2014-11-05T03:00:00Z,Central Maine Shelf,9.0923,0,296.6272,0,11.310904,0,-69.355774,43.71517,2.0
E01,2014-11-05T04:00:00Z,Central Maine Shelf,2.0531,0,350.3836,0,11.310904,0,-69.355774,43.71517,2.0
E01,2014-11-05T05:00:00Z,Central Maine Shelf,4.6928,0,344.4064,0,11.310904,0,-69.355774,43.71517,2.0
E01,2014-11-05T06:00:00Z,Central Maine Shelf,4.1062,0,10.4248,0,11.342546,0,-69.355774,43.71517,2.0
E01,2014-11-05T07:00:00Z,Central Maine Shelf,6.7459,0,35.0368,0,11.342546,0,-69.355774,43.71517,2.0
E01,2014-11-05T08:00:00Z,Central Maine Shelf,6.4526,0,42.4204,0,11.342546,0,-69.355774,43.71517,2.0
E01,2014-11-05T09:00:00Z,Central Maine Shelf,8.2124,0,20.2696,0,11.342546,0,-69.355774,43.71517,2.0
E01,2014-11-05T10:00:00Z,Central Maine Shelf,10.8521,0,24.1372,0,11.342546,0,-69.355774,43.71517,2.0
E01,2014-11-05T11:00:00Z,Central Maine Shelf,9.0923,0,356.3608,0,11.310904,0,-69.355774,43.71517,2.0
E01,2014-11-05T12:00:00Z,Central Maine Shelf,4.6928,0,354.6028,0,11.310904,0,-69.355774,43.71517,2.0
E01,2014-11-05T13:00:00Z,Central Maine Shelf,4.1062,0,334.6,0,11.310904,0,-69.355774,43.71517,2.0
E01,2014-11-05T14:00:00Z,Central Maine Shelf,6.4526,0,232.9876,0,11.342546,0,-69.355774,43.71517,2.0
E01,2014-11-05T15:00:00Z,Central Maine Shelf,4.9861,0,235.4488,0,11.342546,0,-69.355774,43.71517,2.0
E01,2014-11-05T16:00:00Z,Central Maine Shelf,9.0923,0,198.5308,0,11.342546,0,-69.355774,43.71517,2.0
E01,2014-11-05T17:00:00Z,Central Maine Shelf,5.866,0,156.3388,0,11.3741865,0,-69.355774,43.71517,2.0
E01,2014-11-05T18:00:00Z,Central Maine Shelf,9.6789,0,149.6584,0,11.3741865,0,-69.355774,43.71517,2.0
E01,2014-11-05T19:00:00Z,Central Maine Shelf,5.866,0,152.4712,0,11.405826,0,-69.355774,43.71517,2.0
E01,2014-11-05T20:00:00Z,Central Maine Shelf,4.9861,0,128.2108,0,11.3741865,0,-69.355774,43.71517,2.0
E01,2014-11-05T21:00:00Z,Central Maine Shelf,4.3995,0,77.5804,0,11.3741865,0,-69.355774,43.71517,2.0
E01,2014-11-05T22:00:00Z,Central Maine Shelf,6.1593,0,25.5436,0,11.3741865,0,-69.355774,43.71517,2.0
E01,2014-11-05T23:00:00Z,Central Maine Shelf,9.9722,0,24.8404,0,11.3741865,0,-69.355774,43.71517,2.0
E01,2014-11-06T00:00:00Z,Central Maine Shelf,8.5057,0,337.4128,0,11.342546,0,-69.355774,43.71517,2.0
E01,2014-11-06T01:00:00Z,Central Maine Shelf,3.5196,0,339.874,0,11.342546,0,-69.355774,43.71517,2.0
E01,2014-11-06T02:00:00Z,Central Maine Shelf,3.5196,0,325.81,0,11.342546,0,-69.355774,43.71517,2.0
E01,2014-11-06T03:00:00Z,Central Maine Shelf,0.8799,0,251.974,0,11.342546,0,-69.355774,43.71517,2.0
E01,2014-11-06T04:00:00Z,Central Maine Shelf,7.6258,0,196.4212,0,11.342546,0,-69.355774,43.71517,2.0
E01,2014-11-06T05:00:00Z,Central Maine Shelf,9.0923,0,159.5032,0,11.342546,0,-69.355774,43.71517,2.0
E01,2014-11-06T06:00:00Z,Central Maine Shelf,9.6789,0,176.7316,0,11.342546,0,-69.355774,43.71517,2.0
E01,2014-11-06T07:00:00Z,Central Maine Shelf,4.9861,0,161.9644,0,11.342546,0,-69.355774,43.71517,2.0
E01,2014-11-06T08:00:00Z,Central Maine Shelf,4.9861,0,159.1516,0,11.310904,0,-69.355774,43.71517,2.0
E01,2014-11-06T09:00:00Z,Central Maine Shelf,2.6397,0,143.3296,0,11.342546,0,-69.355774,43.71517,2.0
E01,2014-11-06T10:00:00Z,Central Maine Shelf,2.0531,0,11.128,0,11.310904,0,-69.355774,43.71517,2.0
E01,2014-11-06T11:00:00Z,Central Maine Shelf,2.933,0,62.8132,0,11.310904,0,-69.355774,43.71517,2.0
E01,2014-11-06T12:00:00Z,Central Maine Shelf,2.0531,0,317.7232,0,11.310904,0,-69.355774,43.71517,2.0
E01,2014-11-06T13:00:00Z,Central Maine Shelf,6.1593,0,307.5268,0,11.310904,0,-69.355774,43.71517,2.0
E01,2014-11-06T14:00:00Z,Central Maine Shelf,9.6789,0,291.7048,0,11.310904,0,-69.355774,43.71517,2.0
E01,2014-11-06T15:00:00Z,Central Maine Shelf,4.9861,0,291.0016,0,11.310904,0,-69.355774,43.71517,2.0
E01,2014-11-06T16:00:00Z,Central Maine Shelf,4.6928,0,271.6636,0,11.342546,0,-69.355774,43.71517,2.0
E01,2014-11-06T17:00:00Z,Central Maine Shelf,4.1062,0,280.4536,0,11.342546,0,-69.355774,43.71517,2.0
E01,2014-11-06T18:00:00Z,Central Maine Shelf,6.4526,0,185.8732,0,11.310904,0,-69.355774,43.71517,2.0
E01,2014-11-06T19:00:00Z,Central Maine Shelf,2.0531,0,87.0736,0,11.310904,0,-69.355774,43.71517,2.0
E01,2014-11-06T20:00:00Z,Central Maine Shelf,2.6397,0,346.8676,0,11.310904,0,-69.355774,43.71517,2.0
E01,2014-11-06T21:00:00Z,Central Maine Shelf,0.8799,0,5.5024,0,11.310904,0,-69.355774,43.71517,2.0
E01,2014-11-06T22:00:00Z,Central Maine Shelf,3.2263,0,1.9864,0,11.310904,0,-69.355774,43.71517,2.0
E01,2014-11-06T23:00:00Z,Central Maine Shelf,3.8129,0,352.4932,0,11.310904,0,-69.355774,43.71517,2.0
E01,2014-11-07T00:00:00Z,Central Maine Shelf,11.1454,0,312.0976,0,11.310904,0,-69.355774,43.71517,2.0
E01,2014-11-07T01:00:00Z,Central Maine Shelf,8.2124,0,286.4308,0,11.310904,0,-69.355774,43.71517,2.0
E01,2014-11-07T02:00:00Z,Central Maine Shelf,19.6511,0,294.5176,0,11.3741865,0,-69.355774,43.71517,2.0
E01,2014-11-07T03:00:00Z,Central Maine Shelf,24.3439,0,277.9924,0,11.3741865,0,-69.355774,43.71517,2.0
E01,2014-11-07T04:00:00Z,Central Maine Shelf,17.598,0,273.7732,0,11.3741865,0,-69.355774,43.71517,2.0
E01,2014-11-07T05:00:00Z,Central Maine Shelf,14.0784,0,247.7548,0,11.3741865,0,-69.355774,43.71517,2.0
E01,2014-11-07T06:00:00Z,Central Maine Shelf,14.0784,0,277.6408,0,11.3741865,0,-69.355774,43.71517,2.0
E01,2014-11-07T07:00:00Z,Central Maine Shelf,8.2124,0,229.4716,0,11.3741865,0,-69.355774,43.71517,2.0
E01,2014-11-07T08:00:00Z,Central Maine Shelf,9.9722,0,244.2388,0,11.3741865,0,-69.355774,43.71517,2.0
E01,2014-11-07T09:00:00Z,Central Maine Shelf,10.8521,0,203.1016,0,11.3741865,0,-69.355774,43.71517,2.0
E01,2014-11-07T10:00:00Z,Central Maine Shelf,9.0923,0,187.2796,0,11.3741865,0,-69.355774,43.71517,2.0
E01,2014-11-07T11:00:00Z,Central Maine Shelf,7.3325,0,227.7136,0,11.3741865,0,-69.355774,43.71517,2.0
E01,2014-11-07T12:00:00Z,Central Maine Shelf,2.933,0,226.6588,0,11.405826,0,-69.355774,43.71517,2.0
E01,2014-11-07T13:00:00Z,Central Maine Shelf,6.1593,0,243.5356,0,11.405826,0,-69.355774,43.71517,2.0
E01,2014-11-07T14:00:00Z,Central Maine Shelf,12.9052,0,230.5264,0,11.405826,0,-69.355774,43.71517,2.0
E01,2014-11-07T15:00:00Z,Central Maine Shelf,11.1454,0,243.5356,0,11.437463,0,-69.355774,43.71517,2.0
E01,2014-11-07T16:00:00Z,Central Maine Shelf,13.1985,0,235.8004,0,11.437463,0,-69.355774,43.71517,2.0
E01,2014-11-07T17:00:00Z,Central Maine Shelf,9.3856,0,219.9784,0,11.437463,0,-69.355774,43.71517,2.0
E01,2014-11-07T18:00:00Z,Central Maine Shelf,21.4109,0,200.2888,0,11.437463,0,-69.355774,43.71517,2.0
E01,2014-11-07T19:00:00Z,Central Maine Shelf,18.7712,0,194.6632,0,11.405826,0,-69.355774,43.71517,2.0
E01,2014-11-07T20:00:00Z,Central Maine Shelf,11.1454,0,191.1472,0,11.405826,0,-69.355774,43.71517,2.0
E01,2014-11-07T21:00:00Z,Central Maine Shelf,12.3186,0,197.476,0,11.405826,0,-69.355774,43.71517,2.0
E01,2014-11-07T22:00:00Z,Central Maine Shelf,16.4248,0,176.0284,0,11.405826,0,-69.355774,43.71517,2.0
E01,2014-11-07T23:00:00Z,Central Maine Shelf,6.4526,0,184.4668,0,11.405826,0,-69.355774,43.71517,2.0
E01,2014-11-08T00:00:00Z,Central Maine Shelf,5.866,0,162.316,0,11.437463,0,-69.355774,43.71517,2.0
E01,2014-11-08T01:00:00Z,Central Maine Shelf,6.7459,0,147.9004,0,11.437463,0,-69.355774,43.71517,2.0
E01,2014-11-08T02:00:00Z,Central Maine Shelf,2.0531,0,99.028,0,11.469097,0,-69.355774,43.71517,2.0
E01,2014-11-08T03:00:00Z,Central Maine Shelf,14.3717,0,167.9416,0,11.469097,0,-69.355774,43.71517,2.0
E01,2014-11-08T04:00:00Z,Central Maine Shelf,13.1985,0,164.4256,0,11.469097,0,-69.355774,43.71517,2.0
E01,2014-11-08T05:00:00Z,Central Maine Shelf,14.3717,0,202.75,0,11.5007305,0,-69.355774,43.71517,2.0
E01,2014-11-08T06:00:00Z,Central Maine Shelf,20.8243,0,181.3024,0,11.469097,0,-69.355774,43.71517,2.0
E01,2014-11-08T07:00:00Z,Central Maine Shelf,20.8243,0,157.3936,0,11.469097,0,-69.355774,43.71517,2.0
E01,2014-11-08T08:00:00Z,Central Maine Shelf,19.6511,0,146.8456,0,11.469097,0,-69.355774,43.71517,2.0
E01,2014-11-08T09:00:00Z,Central Maine Shelf,17.598,0,138.7588,0,11.469097,0,-69.355774,43.71517,2.0
E01,2014-11-08T10:00:00Z,Central Maine Shelf,13.4918,0,130.672,0,11.437463,0,-69.355774,43.71517,2.0
E01,2014-11-08T11:00:00Z,Central Maine Shelf,12.6119,0,116.2564,0,11.405826,0,-69.355774,43.71517,2.0
E01,2014-11-08T12:00:00Z,Central Maine Shelf,9.9722,0,113.4436,0,11.3741865,0,-69.355774,43.71517,2.0
E01,2014-11-08T13:00:00Z,Central Maine Shelf,7.9191,0,125.398,0,11.3741865,0,-69.355774,43.71517,2.0
E01,2014-11-08T14:00:00Z,Central Maine Shelf,9.6789,0,113.7952,0,11.3741865,0,-69.355774,43.71517,2.0
E01,2014-11-08T15:00:00Z,Central Maine Shelf,7.3325,0,168.2932,0,11.405826,0,-69.355774,43.71517,2.0
E01,2014-11-08T16:00:00Z,Central Maine Shelf,2.6397,0,207.6724,0,11.3741865,0,-69.355774,43.71517,2.0
E01,2014-11-08T17:00:00Z,Central Maine Shelf,5.2794,0,165.832,0,11.3741865,0,-69.355774,43.71517,2.0
E01,2014-11-08T18:00:00Z,Central Maine Shelf,3.2263,0,222.4396,0,11.3741865,0,-69.355774,43.71517,2.0
E01,2014-11-08T19:00:00Z,Central Maine Shelf,2.3464,0,165.4804,0,11.405826,0,-69.355774,43.71517,2.0
E01,2014-11-08T20:00:00Z,Central Maine Shelf,6.1593,0,123.9916,0,11.3741865,0,-69.355774,43.71517,2.0
E01,2014-11-08T21:00:00Z,Central Maine Shelf,6.1593,0,145.4392,0,11.3741865,0,-69.355774,43.71517,2.0
E01,2014-11-08T22:00:00Z,Central Maine Shelf,6.7459,0,114.1468,0,11.342546,0,-69.355774,43.71517,2.0
E01,2014-11-08T23:00:00Z,Central Maine Shelf,2.933,0,87.4252,0,11.342546,0,-69.355774,43.71517,2.0
E01,2014-11-09T00:00:00Z,Central Maine Shelf,6.4526,0,61.0552,0,11.342546,0,-69.355774,43.71517,2.0
E01,2014-11-09T01:00:00Z,Central Maine Shelf,7.9191,0,67.384,0,11.310904,0,-69.355774,43.71517,2.0
E01,2014-11-09T02:00:00Z,Central Maine Shelf,5.5727,0,42.772,0,11.310904,0,-69.355774,43.71517,2.0
E01,2014-11-09T03:00:00Z,Central Maine Shelf,3.8129,0,346.516,0,11.310904,0,-69.355774,43.71517,2.0
E01,2014-11-09T04:00:00Z,Central Maine Shelf,1.1732,0,265.3348,0,11.310904,0,-69.355774,43.71517,2.0
E01,2014-11-09T05:00:00Z,Central Maine Shelf,1.1732,0,170.7544,0,11.310904,0,-69.355774,43.71517,2.0
E01,2014-11-09T06:00:00Z,Central Maine Shelf,4.9861,0,79.69,0,11.310904,0,-69.355774,43.71517,2.0
E01,2014-11-09T07:00:00Z,Central Maine Shelf,3.2263,0,169.6996,0,11.342546,0,-69.355774,43.71517,2.0
E01,2014-11-09T08:00:00Z,Central Maine Shelf,7.3325,0,144.3844,0,11.310904,0,-69.355774,43.71517,2.0
E01,2014-11-09T09:00:00Z,Central Maine Shelf,8.799,0,159.5032,0,11.310904,0,-69.355774,43.71517,2.0
E01,2014-11-09T10:00:00Z,Central Maine Shelf,2.933,0,109.9276,0,11.310904,0,-69.355774,43.71517,2.0
E01,2014-11-09T11:00:00Z,Central Maine Shelf,3.8129,0,139.462,0,11.310904,0,-69.355774,43.71517,2.0
E01,2014-11-09T12:00:00Z,Central Maine Shelf,8.799,0,89.8864,0,11.310904,0,-69.355774,43.71517,2.0
E01,2014-11-09T13:00:00Z,Central Maine Shelf,4.9861,0,132.7816,0,11.27926,0,-69.355774,43.71517,2.0
E01,2014-11-09T14:00:00Z,Central Maine Shelf,1.4665,0,47.6944,0,11.310904,0,-69.355774,43.71517,2.0
E01,2014-11-09T15:00:00Z,Central Maine Shelf,2.933,0,39.9592,0,11.310904,0,-69.355774,43.71517,2.0
E01,2014-11-09T16:00:00Z,Central Maine Shelf,1.4665,0,341.2804,0,11.310904,0,-69.355774,43.71517,2.0
E01,2014-11-09T17:00:00Z,Central Maine Shelf,4.9861,0,98.3248,0,11.310904,0,-69.355774,43.71517,2.0
E01,2014-11-09T18:00:00Z,Central Maine Shelf,3.8129,0,165.832,0,11.310904,0,-69.355774,43.71517,2.0
E01,2014-11-09T19:00:00Z,Central Maine Shelf,2.933,0,212.2432,0,11.27926,0,-69.355774,43.71517,2.0
E01,2014-11-09T20:00:00Z,Central Maine Shelf,4.3995,0,184.8184,0,11.310904,0,-69.355774,43.71517,2.0
E01,2014-11-09T21:00:00Z,Central Maine Shelf,3.8129,0,127.156,0,11.310904,0,-69.355774,43.71517,2.0
E01,2014-11-09T22:00:00Z,Central Maine Shelf,4.9861,0,143.6812,0,11.310904,0,-69.355774,43.71517,2.0
E01,2014-11-09T23:00:00Z,Central Maine Shelf,4.3995,0,118.366,0,11.27926,0,-69.355774,43.71517,2.0
E01,2014-11-10T00:00:00Z,Central Maine Shelf,3.2263,0,120.4756,0,11.247613,0,-69.355774,43.71517,2.0
E01,2014-11-10T01:00:00Z,Central Maine Shelf,2.933,0,82.5028,0,11.247613,0,-69.355774,43.71517,2.0
E01,2014-11-10T02:00:00Z,Central Maine Shelf,3.2263,0,119.4208,0,11.247613,0,-69.355774,43.71517,2.0
E01,2014-11-10T03:00:00Z,Central Maine Shelf,2.6397,0,234.7456,0,11.215965,0,-69.355774,43.71517,2.0
E01,2014-11-10T04:00:00Z,Central Maine Shelf,3.5196,0,229.12,0,11.247613,0,-69.355774,43.71517,2.0
E01,2014-11-10T05:00:00Z,Central Maine Shelf,6.7459,0,223.846,0,11.247613,0,-69.355774,43.71517,2.0
E01,2014-11-10T06:00:00Z,Central Maine Shelf,4.1062,0,217.5172,0,11.27926,0,-69.355774,43.71517,2.0
E01,2014-11-10T07:00:00Z,Central Maine Shelf,1.1732,0,69.4936,0,11.27926,0,-69.355774,43.71517,2.0
E01,2014-11-10T08:00:00Z,Central Maine Shelf,6.4526,0,215.4076,0,11.215965,0,-69.355774,43.71517,2.0
E01,2014-11-10T09:00:00Z,Central Maine Shelf,3.8129,0,231.2296,0,11.215965,0,-69.355774,43.71517,2.0
E01,2014-11-10T10:00:00Z,Central Maine Shelf,1.7598,0,103.9504,0,11.215965,0,-69.355774,43.71517,2.0
E01,2014-11-10T11:00:00Z,Central Maine Shelf,2.6397,0,254.4352,0,11.215965,0,-69.355774,43.71517,2.0
E01,2014-11-10T12:00:00Z,Central Maine Shelf,1.1732,0,276.586,0,11.215965,0,-69.355774,43.71517,2.0
E01,2014-11-10T13:00:00Z,Central Maine Shelf,1.1732,0,265.6864,0,11.215965,0,-69.355774,43.71517,2.0
E01,2014-11-10T14:00:00Z,Central Maine Shelf,2.3464,0,36.4432,0,11.247613,0,-69.355774,43.71517,2.0
E01,2014-11-10T15:00:00Z,Central Maine Shelf,4.6928,0,348.274,0,11.247613,0,-69.355774,43.71517,2.0
E01,2014-11-10T16:00:00Z,Central Maine Shelf,4.6928,0,341.9836,0,11.247613,0,-69.355774,43.71517,2.0
E01,2014-11-10T17:00:00Z,Central Maine Shelf,3.2263,0,249.8644,0,11.27926,0,-69.355774,43.71517,2.0
E01,2014-11-10T18:00:00Z,Central Maine Shelf,4.3995,0,245.6452,0,11.27926,0,-69.355774,43.71517,2.0
E01,2014-11-10T19:00:00Z,Central Maine Shelf,3.8129,0,196.4212,0,11.247613,0,-69.355774,43.71517,2.0
E01,2014-11-10T20:00:00Z,Central Maine Shelf,3.5196,0,126.8044,0,11.247613,0,-69.355774,43.71517,2.0
E01,2014-11-10T21:00:00Z,Central Maine Shelf,6.7459,0,151.4164,0,11.247613,0,-69.355774,43.71517,2.0
E01,2014-11-10T22:00:00Z,Central Maine Shelf,8.799,0,168.6448,0,11.247613,0,-69.355774,43.71517,2.0
E01,2014-11-10T23:00:00Z,Central Maine Shelf,5.866,0,146.494,0,11.247613,0,-69.355774,43.71517,2.0
E01,2014-11-11T00:00:00Z,Central Maine Shelf,4.1062,0,121.5304,0,11.247613,0,-69.355774,43.71517,2.0
E01,2014-11-11T01:00:00Z,Central Maine Shelf,2.6397,0,85.6672,0,11.247613,0,-69.355774,43.71517,2.0
E01,2014-11-11T02:00:00Z,Central Maine Shelf,0.8799,0,215.056,0,11.247613,0,-69.355774,43.71517,2.0
E01,2014-11-11T03:00:00Z,Central Maine Shelf,1.4665,0,330.0292,0,11.215965,0,-69.355774,43.71517,2.0
E01,2014-11-11T04:00:00Z,Central Maine Shelf,2.0531,0,73.0096,0,11.215965,0,-69.355774,43.71517,2.0
E01,2014-11-11T05:00:00Z,Central Maine Shelf,3.5196,0,269.2024,0,11.215965,0,-69.355774,43.71517,2.0
E01,2014-11-11T06:00:00Z,Central Maine Shelf,3.8129,0,255.8416,0,11.247613,0,-69.355774,43.71517,2.0
E01,2014-11-11T07:00:00Z,Central Maine Shelf,4.9861,0,313.504,0,11.247613,0,-69.355774,43.71517,2.0
E01,2014-11-11T08:00:00Z,Central Maine Shelf,2.0531,0,277.9924,0,11.247613,0,-69.355774,43.71517,2.0
E01,2014-11-11T09:00:00Z,Central Maine Shelf,3.2263,0,232.636,0,11.247613,0,-69.355774,43.71517,2.0
E01,2014-11-11T10:00:00Z,Central Maine Shelf,1.7598,0,82.5028,0,11.247613,0,-69.355774,43.71517,2.0
E01,2014-11-11T11:00:00Z,Central Maine Shelf,2.933,0,37.1464,0,11.247613,0,-69.355774,43.71517,2.0
E01,2014-11-11T12:00:00Z,Central Maine Shelf,2.6397,0,97.27,0,11.247613,0,-69.355774,43.71517,2.0
E01,2014-11-11T13:00:00Z,Central Maine Shelf,4.9861,0,77.932,0,11.247613,0,-69.355774,43.71517,2.0
E01,2014-11-11T14:00:00Z,Central Maine Shelf,1.1732,0,54.0232,0,11.247613,0,-69.355774,43.71517,2.0
E01,2014-11-11T15:00:00Z,Central Maine Shelf,5.5727,0,122.2336,0,11.247613,0,-69.355774,43.71517,2.0
E01,2014-11-11T16:00:00Z,Central Maine Shelf,3.5196,0,356.7124,0,11.310904,0,-69.355774,43.71517,2.0
E01,2014-11-11T17:00:00Z,Central Maine Shelf,1.4665,0,10.4248,0,11.310904,0,-69.355774,43.71517,2.0
E01,2014-11-11T18:00:00Z,Central Maine Shelf,1.1732,0,234.394,0,11.310904,0,-69.355774,43.71517,2.0
E01,2014-11-11T19:00:00Z,Central Maine Shelf,1.1732,0,40.3108,0,11.310904,0,-69.355774,43.71517,2.0
E01,2014-11-11T20:00:00Z,Central Maine Shelf,2.6397,0,299.7916,0,11.310904,0,-69.355774,43.71517,2.0
E01,2014-11-11T21:00:00Z,Central Maine Shelf,3.2263,0,180.5992,0,11.310904,0,-69.355774,43.71517,2.0
E01,2014-11-11T22:00:00Z,Central Maine Shelf,3.5196,0,156.6904,0,11.310904,0,-69.355774,43.71517,2.0
E01,2014-11-11T23:00:00Z,Central Maine Shelf,1.1732,0,178.138,0,11.310904,0,-69.355774,43.71517,2.0
E01,2014-11-12T00:00:00Z,Central Maine Shelf,0.8799,0,296.2756,0,11.310904,0,-69.355774,43.71517,2.0
E01,2014-11-12T01:00:00Z,Central Maine Shelf,4.1062,0,83.206,0,11.27926,0,-69.355774,43.71517,2.0
E01,2014-11-12T02:00:00Z,Central Maine Shelf,1.4665,0,100.786,0,11.27926,0,-69.355774,43.71517,2.0
E01,2014-11-12T03:00:00Z,Central Maine Shelf,2.0531,0,105.0052,0,11.247613,0,-69.355774,43.71517,2.0
E01,2014-11-12T04:00:00Z,Central Maine Shelf,2.6397,0,24.4888,0,11.27926,0,-69.355774,43.71517,2.0
E01,2014-11-12T05:00:00Z,Central Maine Shelf,0.0,99,125.0464,99,11.27926,0,-69.355774,43.71517,2.0
E01,2014-11-12T06:00:00Z,Central Maine Shelf,5.5727,0,316.3168,0,11.27926,0,-69.355774,43.71517,2.0
E01,2014-11-12T07:00:00Z,Central Maine Shelf,2.0531,0,289.5952,0,11.27926,0,-69.355774,43.71517,2.0
E01,2014-11-12T08:00:00Z,Central Maine Shelf,3.8129,0,237.2068,0,11.27926,0,-69.355774,43.71517,2.0
E01,2014-11-12T09:00:00Z,Central Maine Shelf,2.933,0,178.8412,0,11.27926,0,-69.355774,43.71517,2.0
E01,2014-11-12T10:00:00Z,Central Maine Shelf,3.2263,0,166.5352,0,11.27926,0,-69.355774,43.71517,2.0
E01,2014-11-12T11:00:00Z,Central Maine Shelf,4.1062,0,199.9372,0,11.247613,0,-69.355774,43.71517,2.0
E01,2014-11-12T12:00:00Z,Central Maine Shelf,3.2263,0,221.7364,0,11.247613,0,-69.355774,43.71517,2.0
E01,2014-11-12T13:00:00Z,Central Maine Shelf,4.6928,0,241.7776,0,11.247613,0,-69.355774,43.71517,2.0
E01,2014-11-12T14:00:00Z,Central Maine Shelf,4.9861,0,257.248,0,11.247613,0,-69.355774,43.71517,2.0
E01,2014-11-12T15:00:00Z,Central Maine Shelf,6.4526,0,259.3576,0,11.27926,0,-69.355774,43.71517,2.0
E01,2014-11-12T16:00:00Z,Central Maine Shelf,3.5196,0,279.7504,0,11.27926,0,-69.355774,43.71517,2.0
E01,2014-11-12T17:00:00Z,Central Maine Shelf,6.4526,0,277.9924,0,11.27926,0,-69.355774,43.71517,2.0
E01,2014-11-12T18:00:00Z,Central Maine Shelf,8.799,0,297.3304,0,11.310904,0,-69.355774,43.71517,2.0
E01,2014-11-12T19:00:00Z,Central Maine Shelf,9.0923,0,270.6088,0,11.342546,0,-69.355774,43.71517,2.0
E01,2014-11-12T20:00:00Z,Central Maine Shelf,11.732,0,279.3988,0,11.3741865,0,-69.355774,43.71517,2.0
E01,2014-11-12T21:00:00Z,Central Maine Shelf,13.7851,0,259.3576,0,11.532363,0,-69.355774,43.71517,2.0
E01,2014-11-12T22:00:00Z,Central Maine Shelf,8.799,0,254.0836,0,11.5007305,0,-69.355774,43.71517,2.0
E01,2014-11-12T23:00:00Z,Central Maine Shelf,9.9722,0,239.3164,0,11.532363,0,-69.355774,43.71517,2.0
E01,2014-11-13T00:00:00Z,Central Maine Shelf,10.2655,0,180.9508,0,11.3741865,0,-69.355774,43.71517,2.0
E01,2014-11-13T01:00:00Z,Central Maine Shelf,6.4526,0,137.704,0,11.310904,0,-69.355774,43.71517,2.0
E01,2014-11-13T02:00:00Z,Central Maine Shelf,3.2263,0,128.5624,0,11.27926,0,-69.355774,43.71517,2.0
E01,2014-11-13T03:00:00Z,Central Maine Shelf,7.6258,0,166.1836,0,11.27926,0,-69.355774,43.71517,2.0
E01,2014-11-13T04:00:00Z,Central Maine Shelf,4.6928,0,191.1472,0,11.27926,0,-69.355774,43.71517,2.0
E01,2014-11-13T05:00:00Z,Central Maine Shelf,7.0392,0,220.6816,0,11.27926,0,-69.355774,43.71517,2.0
E01,2014-11-13T06:00:00Z,Central Maine Shelf,11.1454,0,229.8232,0,11.247613,0,-69.355774,43.71517,2.0
E01,2014-11-13T07:00:00Z,Central Maine Shelf,7.9191,0,241.0744,0,11.27926,0,-69.355774,43.71517,2.0
E01,2014-11-13T08:00:00Z,Central Maine Shelf,14.0784,0,218.9236,0,11.27926,0,-69.355774,43.71517,2.0
E01,2014-11-13T09:00:00Z,Central Maine Shelf,17.8913,0,229.12,0,11.27926,0,-69.355774,43.71517,2.0
E01,2014-11-13T10:00:00Z,Central Maine Shelf,10.2655,0,209.4304,0,11.342546,0,-69.355774,43.71517,2.0
E01,2014-11-13T11:00:00Z,Central Maine Shelf,6.4526,0,209.782,0,11.342546,0,-69.355774,43.71517,2.0
E01,2014-11-13T12:00:00Z,Central Maine Shelf,2.933,0,239.668,0,11.342546,0,-69.355774,43.71517,2.0
E01,2014-11-13T13:00:00Z,Central Maine Shelf,0.8799,0,315.9652,0,11.342546,0,-69.355774,43.71517,2.0
E01,2014-11-13T14:00:00Z,Central Maine Shelf,1.7598,0,124.6948,0,11.3741865,0,-69.355774,43.71517,2.0
E01,2014-11-13T15:00:00Z,Central Maine Shelf,1.4665,0,153.1744,0,11.3741865,0,-69.355774,43.71517,2.0
E01,2014-11-13T16:00:00Z,Central Maine Shelf,1.1732,0,285.376,0,11.405826,0,-69.355774,43.71517,2.0
E01,2014-11-13T17:00:00Z,Central Maine Shelf,2.3464,0,123.9916,0,11.405826,0,-69.355774,43.71517,2.0
E01,2014-11-13T18:00:00Z,Central Maine Shelf,3.8129,0,323.3488,0,11.437463,0,-69.355774,43.71517,2.0
E01,2014-11-13T19:00:00Z,Central Maine Shelf,1.7598,0,323.7004,0,11.437463,0,-69.355774,43.71517,2.0
E01,2014-11-13T20:00:00Z,Central Maine Shelf,3.5196,0,343.3516,0,11.405826,0,-69.355774,43.71517,2.0
E01,2014-11-13T21:00:00Z,Central Maine Shelf,1.1732,0,329.326,0,11.405826,0,-69.355774,43.71517,2.0
E01,2014-11-13T22:00:00Z,Central Maine Shelf,0.8799,0,19.2148,0,11.3741865,0,-69.355774,43.71517,2.0
E01,2014-11-13T23:00:00Z,Central Maine Shelf,2.3464,0,91.6444,0,11.342546,0,-69.355774,43.71517,2.0
E01,2014-11-14T00:00:00Z,Central Maine Shelf,2.3464,0,99.028,0,11.3741865,0,-69.355774,43.71517,2.0
E01,2014-11-14T01:00:00Z,Central Maine Shelf,8.5057,0,138.7588,0,11.342546,0,-69.355774,43.71517,2.0
E01,2014-11-14T02:00:00Z,Central Maine Shelf,4.6928,0,124.3432,0,11.27926,0,-69.355774,43.71517,2.0
E01,2014-11-14T03:00:00Z,Central Maine Shelf,4.3995,0,172.864,0,11.27926,0,-69.355774,43.71517,2.0
E01,2014-11-14T04:00:00Z,Central Maine Shelf,7.3325,0,163.7224,0,11.247613,0,-69.355774,43.71517,2.0
E01,2014-11-14T05:00:00Z,Central Maine Shelf,1.7598,0,215.056,0,11.215965,0,-69.355774,43.71517,2.0
E01,2014-11-14T06:00:00Z,Central Maine Shelf,4.1062,0,243.184,0,11.215965,0,-69.355774,43.71517,2.0
E01,2014-11-14T07:00:00Z,Central Maine Shelf,8.799,0,197.1244,0,11.27926,0,-69.355774,43.71517,2.0
E01,2014-11-14T08:00:00Z,Central Maine Shelf,4.9861,0,208.3756,0,11.27926,0,-69.355774,43.71517,2.0
E01,2014-11-14T09:00:00Z,Central Maine Shelf,5.2794,0,231.2296,0,11.310904,0,-69.355774,43.71517,2.0
E01,2014-11-14T10:00:00Z,Central Maine Shelf,7.9191,0,227.362,0,11.310904,0,-69.355774,43.71517,2.0
E01,2014-11-14T11:00:00Z,Central Maine Shelf,8.799,0,215.7592,0,11.310904,0,-69.355774,43.71517,2.0
E01,2014-11-14T12:00:00Z,Central Maine Shelf,4.1062,0,179.1928,0,11.342546,0,-69.355774,43.71517,2.0
E01,2014-11-14T13:00:00Z,Central Maine Shelf,7.3325,0,178.138,0,11.342546,0,-69.355774,43.71517,2.0
E01,2014-11-14T14:00:00Z,Central Maine Shelf,1.7598,0,180.2476,0,11.342546,0,-69.355774,43.71517,2.0
E01,2014-11-14T15:00:00Z,Central Maine Shelf,7.0392,0,184.1152,0,11.310904,0,-69.355774,43.71517,2.0
E01,2014-11-14T16:00:00Z,Central Maine Shelf,4.1062,0,169.6996,0,11.342546,0,-69.355774,43.71517,2.0
E01,2014-11-14T17:00:00Z,Central Maine Shelf,5.2794,0,147.5488,0,11.310904,0,-69.355774,43.71517,2.0
E01,2014-11-14T18:00:00Z,Central Maine Shelf,5.866,0,138.7588,0,11.342546,0,-69.355774,43.71517,2.0
E01,2014-11-14T19:00:00Z,Central Maine Shelf,1.7598,0,127.5076,0,11.342546,0,-69.355774,43.71517,2.0
E01,2014-11-14T20:00:00Z,Central Maine Shelf,3.5196,0,356.0092,0,11.342546,0,-69.355774,43.71517,2.0
E01,2014-11-14T21:00:00Z,Central Maine Shelf,5.866,0,185.5216,0,11.342546,0,-69.355774,43.71517,2.0
E01,2014-11-14T22:00:00Z,Central Maine Shelf,6.1593,0,166.8868,0,11.342546,0,-69.355774,43.71517,2.0
E01,2014-11-14T23:00:00Z,Central Maine Shelf,8.5057,0,187.6312,0,11.342546,0,-69.355774,43.71517,2.0
E01,2014-11-15T00:00:00Z,Central Maine Shelf,8.2124,0,154.5808,0,11.3741865,0,-69.355774,43.71517,2.0
E01,2014-11-15T01:00:00Z,Central Maine Shelf,6.4526,0,169.348,0,11.3741865,0,-69.355774,43.71517,2.0
E01,2014-11-15T02:00:00Z,Central Maine Shelf,10.2655,0,151.0648,0,11.3741865,0,-69.355774,43.71517,2.0
E01,2014-11-15T03:00:00Z,Central Maine Shelf,3.5196,0,65.2744,0,11.3741865,0,-69.355774,43.71517,2.0
E01,2014-11-15T04:00:00Z,Central Maine Shelf,15.8382,0,132.0784,0,11.27926,0,-69.355774,43.71517,2.0
E01,2014-11-15T05:00:00Z,Central Maine Shelf,7.6258,0,110.2792,0,11.310904,0,-69.355774,43.71517,2.0
E01,2014-11-15T06:00:00Z,Central Maine Shelf,5.5727,0,102.8956,0,11.310904,0,-69.355774,43.71517,2.0
E01,2014-11-15T07:00:00Z,Central Maine Shelf,4.9861,0,111.334,0,11.310904,0,-69.355774,43.71517,2.0
E01,2014-11-15T08:00:00Z,Central Maine Shelf,6.4526,0,142.2748,0,11.27926,0,-69.355774,43.71517,2.0
E01,2014-11-15T09:00:00Z,Central Maine Shelf,4.1062,0,152.8228,0,11.27926,0,-69.355774,43.71517,2.0
E01,2014-11-15T10:00:00Z,Central Maine Shelf,4.6928,0,166.1836,0,11.310904,0,-69.355774,43.71517,2.0
E01,2014-11-15T11:00:00Z,Central Maine Shelf,9.0923,0,161.9644,0,11.27926,0,-69.355774,43.71517,2.0
E01,2014-11-15T12:00:00Z,Central Maine Shelf,6.1593,0,159.8548,0,11.27926,0,-69.355774,43.71517,2.0
E01,2014-11-15T13:00:00Z,Central Maine Shelf,5.5727,0,201.3436,0,11.310904,0,-69.355774,43.71517,2.0
E01,2014-11-15T14:00:00Z,Central Maine Shelf,5.2794,0,148.252,0,11.3741865,0,-69.355774,43.71517,2.0
E01,2014-11-15T15:00:00Z,Central Maine Shelf,3.2263,0,132.7816,0,11.342546,0,-69.355774,43.71517,2.0
E01,2014-11-15T16:00:00Z,Central Maine Shelf,8.5057,0,114.85,0,11.3741865,0,-69.355774,43.71517,2.0
E01,2014-11-15T17:00:00Z,Central Maine Shelf,3.5196,0,111.334,0,11.3741865,0,-69.355774,43.71517,2.0
E01,2014-11-15T18:00:00Z,Central Maine Shelf,9.0923,0,89.8864,0,11.3741865,0,-69.355774,43.71517,2.0
E01,2014-11-15T19:00:00Z,Central Maine Shelf,3.2263,0,142.978,0,11.3741865,0,-69.355774,43.71517,2.0
E01,2014-11-15T20:00:00Z,Central Maine Shelf,3.5196,0,180.5992,0,11.3741865,0,-69.355774,43.71517,2.0
E01,2014-11-15T21:00:00Z,Central Maine Shelf,1.7598,0,329.326,0,11.342546,0,-69.355774,43.71517,2.0
E01,2014-11-15T22:00:00Z,Central Maine Shelf,2.6397,0,74.416,0,11.310904,0,-69.355774,43.71517,2.0
E01,2014-11-15T23:00:00Z,Central Maine Shelf,2.3464,0,192.202,0,11.310904,0,-69.355774,43.71517,2.0
E01,2014-11-16T00:00:00Z,Central Maine Shelf,0.2933,0,261.4672,0,11.310904,0,-69.355774,43.71517,2.0
E01,2014-11-16T01:00:00Z,Central Maine Shelf,1.1732,0,145.4392,0,11.310904,0,-69.355774,43.71517,2.0
E01,2014-11-16T02:00:00Z,Central Maine Shelf,7.6258,0,167.59,0,11.215965,0,-69.355774,43.71517,2.0
E01,2014-11-16T03:00:00Z,Central Maine Shelf,6.1593,0,141.22,0,11.121009,0,-69.355774,43.71517,2.0
E01,2014-11-16T04:00:00Z,Central Maine Shelf,7.3325,0,161.9644,0,11.121009,0,-69.355774,43.71517,2.0
E01,2014-11-16T05:00:00Z,Central Maine Shelf,4.1062,0,146.8456,0,11.152662,0,-69.355774,43.71517,2.0
E01,2014-11-16T06:00:00Z,Central Maine Shelf,5.5727,0,321.2392,0,11.152662,0,-69.355774,43.71517,2.0
E01,2014-11-16T07:00:00Z,Central Maine Shelf,1.7598,0,66.3292,0,11.089353,0,-69.355774,43.71517,2.0
E01,2014-11-16T08:00:00Z,Central Maine Shelf,2.6397,0,251.6224,0,11.121009,0,-69.355774,43.71517,2.0
E01,2014-11-16T09:00:00Z,Central Maine Shelf,3.5196,0,119.7724,0,11.121009,0,-69.355774,43.71517,2.0
E01,2014-11-16T10:00:00Z,Central Maine Shelf,1.1732,0,88.48,0,11.121009,0,-69.355774,43.71517,2.0
E01,2014-11-16T11:00:00Z,Central Maine Shelf,3.5196,0,164.7772,0,11.121009,0,-69.355774,43.71517,2.0
E01,2014-11-16T12:00:00Z,Central Maine Shelf,4.3995,0,60.352,0,11.121009,0,-69.355774,43.71517,2.0
E01,2014-11-16T13:00:00Z,Central Maine Shelf,2.933,0,137.704,0,11.121009,0,-69.355774,43.71517,2.0
E01,2014-11-16T14:00:00Z,Central Maine Shelf,5.866,0,126.8044,0,11.152662,0,-69.355774,43.71517,2.0
E01,2014-11-16T15:00:00Z,Central Maine Shelf,4.3995,0,139.1104,0,11.121009,0,-69.355774,43.71517,2.0
E01,2014-11-16T16:00:00Z,Central Maine Shelf,11.4387,0,105.0052,0,11.0576935,0,-69.355774,43.71517,2.0
E01,2014-11-16T17:00:00Z,Central Maine Shelf,3.2263,0,54.3748,0,11.0576935,0,-69.355774,43.71517,2.0
E01,2014-11-16T18:00:00Z,Central Maine Shelf,4.6928,0,94.4572,0,11.026033,0,-69.355774,43.71517,2.0
E01,2014-11-16T19:00:00Z,Central Maine Shelf,7.9191,0,77.5804,0,11.026033,0,-69.355774,43.71517,2.0
E01,2014-11-16T20:00:00Z,Central Maine Shelf,9.9722,0,88.8316,0,11.0576935,0,-69.355774,43.71517,2.0
E01,2014-11-16T21:00:00Z,Central Maine Shelf,2.0531,0,1.6348,0,11.089353,0,-69.355774,43.71517,2.0
E01,2014-11-16T22:00:00Z,Central Maine Shelf,3.5196,0,82.1512,0,11.089353,0,-69.355774,43.71517,2.0
E01,2014-11-16T23:00:00Z,Central Maine Shelf,3.8129,0,126.4528,0,11.089353,0,-69.355774,43.71517,2.0
E01,2014-11-17T00:00:00Z,Central Maine Shelf,6.4526,0,130.3204,0,11.121009,0,-69.355774,43.71517,2.0
E01,2014-11-17T01:00:00Z,Central Maine Shelf,2.0531,0,179.1928,0,11.089353,0,-69.355774,43.71517,2.0
E01,2014-11-17T02:00:00Z,Central Maine Shelf,2.6397,0,108.5212,0,11.121009,0,-69.355774,43.71517,2.0
E01,2014-11-17T03:00:00Z,Central Maine Shelf,4.1062,0,114.1468,0,11.089353,0,-69.355774,43.71517,2.0
E01,2014-11-17T04:00:00Z,Central Maine Shelf,18.1846,0,101.8408,0,11.0576935,0,-69.355774,43.71517,2.0
E01,2014-11-17T05:00:00Z,Central Maine Shelf,7.0392,0,95.8636,0,11.121009,0,-69.355774,43.71517,2.0
E01,2014-11-17T06:00:00Z,Central Maine Shelf,5.2794,0,63.5164,0,11.0576935,0,-69.355774,43.71517,2.0
E01,2014-11-17T07:00:00Z,Central Maine Shelf,7.6258,0,83.206,0,11.089353,0,-69.355774,43.71517,2.0
E01,2014-11-17T08:00:00Z,Central Maine Shelf,5.2794,0,70.5484,0,11.089353,0,-69.355774,43.71517,2.0
E01,2014-11-17T09:00:00Z,Central Maine Shelf,5.866,0,51.9136,0,11.026033,0,-69.355774,43.71517,2.0
E01,2014-11-17T10:00:00Z,Central Maine Shelf,3.5196,0,95.8636,0,11.0576935,0,-69.355774,43.71517,2.0
E01,2014-11-17T11:00:00Z,Central Maine Shelf,1.1732,0,10.4248,0,11.026033,0,-69.355774,43.71517,2.0
E01,2014-11-17T12:00:00Z,Central Maine Shelf,4.1062,0,158.8,0,10.99437,0,-69.355774,43.71517,2.0
E01,2014-11-17T13:00:00Z,Central Maine Shelf,6.4526,0,231.9328,0,10.99437,0,-69.355774,43.71517,2.0
E01,2014-11-17T14:00:00Z,Central Maine Shelf,0.8799,0,208.024,0,10.99437,0,-69.355774,43.71517,2.0
E01,2014-11-17T15:00:00Z,Central Maine Shelf,4.3995,0,268.1476,0,10.962706,0,-69.355774,43.71517,2.0
E01,2014-11-17T16:00:00Z,Central Maine Shelf,4.9861,0,252.6772,0,10.962706,0,-69.355774,43.71517,2.0
E01,2014-11-17T17:00:00Z,Central Maine Shelf,5.866,0,291.7048,0,10.962706,0,-69.355774,43.71517,2.0
E01,2014-11-17T18:00:00Z,Central Maine Shelf,4.1062,0,279.3988,0,10.962706,0,-69.355774,43.71517,2.0
E01,2014-11-17T19:00:00Z,Central Maine Shelf,8.5057,0,276.9376,0,10.99437,0,-69.355774,43.71517,2.0
E01,2014-11-17T20:00:00Z,Central Maine Shelf,7.0392,0,320.8876,0,11.026033,0,-69.355774,43.71517,2.0
E01,2014-11-17T21:00:00Z,Central Maine Shelf,4.6928,0,226.3072,0,11.026033,0,-69.355774,43.71517,2.0
E01,2014-11-17T22:00:00Z,Central Maine Shelf,4.9861,0,317.3716,0,11.026033,0,-69.355774,43.71517,2.0
E01,2014-11-17T23:00:00Z,Central Maine Shelf,3.5196,0,352.4932,0,11.0576935,0,-69.355774,43.71517,2.0
E01,2014-11-18T00:00:00Z,Central Maine Shelf,3.8129,0,1.2832,0,11.0576935,0,-69.355774,43.71517,2.0
E01,2014-11-18T01:00:00Z,Central Maine Shelf,6.1593,0,78.2836,0,11.0576935,0,-69.355774,43.71517,2.0
E01,2014-11-18T02:00:00Z,Central Maine Shelf,2.0531,0,41.3656,0,11.026033,0,-69.355774,43.71517,2.0
E01,2014-11-18T03:00:00Z,Central Maine Shelf,4.3995,0,71.9548,0,10.99437,0,-69.355774,43.71517,2.0
E01,2014-11-18T04:00:00Z,Central Maine Shelf,2.6397,0,195.0148,0,10.867698,0,-69.355774,43.71517,2.0
E01,2014-11-18T05:00:00Z,Central Maine Shelf,2.3464,0,224.9008,0,10.804347,0,-69.355774,43.71517,2.0
E01,2014-11-18T06:00:00Z,Central Maine Shelf,6.1593,0,160.558,0,10.804347,0,-69.355774,43.71517,2.0
E01,2014-11-18T07:00:00Z,Central Maine Shelf,5.5727,0,159.1516,0,10.804347,0,-69.355774,43.71517,2.0
E01,2014-11-18T08:00:00Z,Central Maine Shelf,6.4526,0,111.334,0,10.836023,0,-69.355774,43.71517,2.0
E01,2014-11-18T09:00:00Z,Central Maine Shelf,4.6928,0,160.558,0,10.836023,0,-69.355774,43.71517,2.0
E01,2014-11-18T10:00:00Z,Central Maine Shelf,0.8799,0,82.8544,0,10.836023,0,-69.355774,43.71517,2.0
E01,2014-11-18T11:00:00Z,Central Maine Shelf,3.8129,0,193.6084,0,10.867698,0,-69.355774,43.71517,2.0
E01,2014-11-18T12:00:00Z,Central Maine Shelf,2.3464,0,115.2016,0,10.836023,0,-69.355774,43.71517,2.0
E01,2014-11-18T13:00:00Z,Central Maine Shelf,10.2655,0,106.7632,0,10.867698,0,-69.355774,43.71517,2.0
E01,2014-11-18T14:00:00Z,Central Maine Shelf,11.732,0,105.3568,0,10.962706,0,-69.355774,43.71517,2.0
E01,2014-11-18T15:00:00Z,Central Maine Shelf,22.8774,0,129.9688,0,10.931039,0,-69.355774,43.71517,2.0
E01,2014-11-18T16:00:00Z,Central Maine Shelf,19.9444,0,102.1924,0,10.931039,0,-69.355774,43.71517,2.0
E01,2014-11-18T17:00:00Z,Central Maine Shelf,11.1454,0,106.4116,0,10.931039,0,-69.355774,43.71517,2.0
E01,2014-11-18T18:00:00Z,Central Maine Shelf,25.2238,0,114.1468,0,10.931039,0,-69.355774,43.71517,2.0
E01,2014-11-18T19:00:00Z,Central Maine Shelf,5.866,0,121.5304,0,10.931039,0,-69.355774,43.71517,2.0
E01,2014-11-18T20:00:00Z,Central Maine Shelf,11.732,0,115.5532,0,10.931039,0,-69.355774,43.71517,2.0
E01,2014-11-18T21:00:00Z,Central Maine Shelf,17.598,0,95.8636,0,10.899369,0,-69.355774,43.71517,2.0
E01,2014-11-18T22:00:00Z,Central Maine Shelf,13.1985,0,85.3156,0,10.867698,0,-69.355774,43.71517,2.0
E01,2014-11-18T23:00:00Z,Central Maine Shelf,9.0923,0,114.1468,0,10.867698,0,-69.355774,43.71517,2.0
E01,2014-11-19T00:00:00Z,Central Maine Shelf,5.5727,0,106.7632,0,10.899369,0,-69.355774,43.71517,2.0
E01,2014-11-19T01:00:00Z,Central Maine Shelf,22.8774,0,129.9688,0,10.867698,0,-69.355774,43.71517,2.0
E01,2014-11-19T02:00:00Z,Central Maine Shelf,12.6119,0,124.3432,0,10.867698,0,-69.355774,43.71517,2.0
E01,2014-11-19T03:00:00Z,Central Maine Shelf,13.7851,0,138.4072,0,10.867698,0,-69.355774,43.71517,2.0
E01,2014-11-19T04:00:00Z,Central Maine Shelf,9.0923,0,101.8408,0,10.867698,0,-69.355774,43.71517,2.0
E01,2014-11-19T05:00:00Z,Central Maine Shelf,29.33,0,115.5532,0,10.836023,0,-69.355774,43.71517,2.0
E01,2014-11-19T06:00:00Z,Central Maine Shelf,21.1176,0,98.3248,0,10.836023,0,-69.355774,43.71517,2.0
E01,2014-11-19T07:00:00Z,Central Maine Shelf,23.464,0,90.5896,0,10.867698,0,-69.355774,43.71517,2.0
E01,2014-11-19T08:00:00Z,Central Maine Shelf,13.1985,0,60.7036,0,10.836023,0,-69.355774,43.71517,2.0
E01,2014-11-19T09:00:00Z,Central Maine Shelf,21.1176,0,89.5348,0,10.804347,0,-69.355774,43.71517,2.0
E01,2014-11-19T10:00:00Z,Central Maine Shelf,23.464,0,100.4344,0,10.867698,0,-69.355774,43.71517,2.0
E01,2014-11-19T11:00:00Z,Central Maine Shelf,8.2124,0,97.27,0,10.899369,0,-69.355774,43.71517,2.0
E01,2014-11-19T12:00:00Z,Central Maine Shelf,11.4387,0,93.754,0,10.867698,0,-69.355774,43.71517,2.0
E01,2014-11-19T13:00:00Z,Central Maine Shelf,7.6258,0,108.8728,0,10.836023,0,-69.355774,43.71517,2.0
E01,2014-11-19T14:00:00Z,Central Maine Shelf,7.0392,0,134.5396,0,10.867698,0,-69.355774,43.71517,2.0
E01,2014-11-19T15:00:00Z,Central Maine Shelf,12.0253,0,152.8228,0,10.804347,0,-69.355774,43.71517,2.0
E01,2014-11-19T16:00:00Z,Central Maine Shelf,12.0253,0,128.2108,0,10.836023,0,-69.355774,43.71517,2.0
E01,2014-11-19T17:00:00Z,Central Maine Shelf,13.4918,0,143.6812,0,10.836023,0,-69.355774,43.71517,2.0
E01,2014-11-19T18:00:00Z,Central Maine Shelf,11.4387,0,120.124,0,10.867698,0,-69.355774,43.71517,2.0
E01,2014-11-19T19:00:00Z,Central Maine Shelf,9.9722,0,108.5212,0,10.836023,0,-69.355774,43.71517,2.0
E01,2014-11-19T20:00:00Z,Central Maine Shelf,8.2124,0,116.2564,0,10.836023,0,-69.355774,43.71517,2.0
E01,2014-11-19T21:00:00Z,Central Maine Shelf,2.6397,0,9.37,0,10.836023,0,-69.355774,43.71517,2.0
E01,2014-11-19T22:00:00Z,Central Maine Shelf,4.3995,0,65.9776,0,10.836023,0,-69.355774,43.71517,2.0
E01,2014-11-19T23:00:00Z,Central Maine Shelf,4.3995,0,23.0824,0,10.836023,0,-69.355774,43.71517,2.0
E01,2014-11-20T00:00:00Z,Central Maine Shelf,7.0392,0,62.11,0,10.836023,0,-69.355774,43.71517,2.0
E01,2014-11-20T01:00:00Z,Central Maine Shelf,2.3464,0,60.7036,0,10.836023,0,-69.355774,43.71517,2.0
E01,2014-11-20T02:00:00Z,Central Maine Shelf,2.933,0,114.85,0,10.836023,0,-69.355774,43.71517,2.0
E01,2014-11-20T03:00:00Z,Central Maine Shelf,10.8521,0,89.1832,0,10.804347,0,-69.355774,43.71517,2.0
E01,2014-11-20T04:00:00Z,Central Maine Shelf,14.0784,0,99.3796,0,10.804347,0,-69.355774,43.71517,2.0
E01,2014-11-20T05:00:00Z,Central Maine Shelf,14.3717,0,97.27,0,10.836023,0,-69.355774,43.71517,2.0
E01,2014-11-20T06:00:00Z,Central Maine Shelf,12.0253,0,110.6308,0,10.836023,0,-69.355774,43.71517,2.0
E01,2014-11-20T07:00:00Z,Central Maine Shelf,24.6372,0,106.4116,0,10.836023,0,-69.355774,43.71517,2.0
E01,2014-11-20T08:00:00Z,Central Maine Shelf,16.1315,0,87.7768,0,10.867698,0,-69.355774,43.71517,2.0
E01,2014-11-20T09:00:00Z,Central Maine Shelf,9.6789,0,85.6672,0,10.836023,0,-69.355774,43.71517,2.0
E01,2014-11-20T10:00:00Z,Central Maine Shelf,28.1568,0,94.4572,0,10.804347,0,-69.355774,43.71517,2.0
E01,2014-11-20T11:00:00Z,Central Maine Shelf,26.397,0,104.302,0,10.836023,0,-69.355774,43.71517,2.0
E01,2014-11-20T12:00:00Z,Central Maine Shelf,14.3717,0,128.914,0,10.836023,0,-69.355774,43.71517,2.0
E01,2014-11-20T13:00:00Z,Central Maine Shelf,14.9583,0,124.6948,0,10.804347,0,-69.355774,43.71517,2.0
E01,2014-11-20T14:00:00Z,Central Maine Shelf,17.0114,0,98.3248,0,10.772669,0,-69.355774,43.71517,2.0
E01,2014-11-20T15:00:00Z,Central Maine Shelf,12.9052,0,108.5212,0,10.772669,0,-69.355774,43.71517,2.0
E01,2014-11-20T16:00:00Z,Central Maine Shelf,12.0253,0,114.4984,0,10.772669,0,-69.355774,43.71517,2.0
E01,2014-11-20T17:00:00Z,Central Maine Shelf,12.6119,0,128.914,0,10.740988,0,-69.355774,43.71517,2.0
E01,2014-11-20T18:00:00Z,Central Maine Shelf,12.0253,0,113.092,0,10.740988,0,-69.355774,43.71517,2.0
E01,2014-11-20T19:00:00Z,Central Maine Shelf,13.7851,0,106.06,0,10.709304,0,-69.355774,43.71517,2.0
E01,2014-11-20T20:00:00Z,Central Maine Shelf,11.4387,0,104.6536,0,10.709304,0,-69.355774,43.71517,2.0
E01,2014-11-20T21:00:00Z,Central Maine Shelf,9.9722,0,71.6032,0,10.64593,0,-69.355774,43.71517,2.0
E01,2014-11-20T22:00:00Z,Central Maine Shelf,12.9052,0,75.1192,0,10.64593,0,-69.355774,43.71517,2.0
E01,2014-11-20T23:00:00Z,Central Maine Shelf,14.9583,0,99.3796,0,10.64593,0,-69.355774,43.71517,2.0
E01,2014-11-21T00:00:00Z,Central Maine Shelf,14.9583,0,96.9184,0,10.64593,0,-69.355774,43.71517,2.0
E01,2014-11-21T01:00:00Z,Central Maine Shelf,7.6258,0,129.2656,0,10.677618,0,-69.355774,43.71517,2.0
E01,2014-11-21T02:00:00Z,Central Maine Shelf,9.0923,0,96.2152,0,10.677618,0,-69.355774,43.71517,2.0
E01,2014-11-21T03:00:00Z,Central Maine Shelf,17.3047,0,128.914,0,10.677618,0,-69.355774,43.71517,2.0
E01,2014-11-21T04:00:00Z,Central Maine Shelf,6.7459,0,78.2836,0,10.677618,0,-69.355774,43.71517,2.0
E01,2014-11-21T05:00:00Z,Central Maine Shelf,17.3047,0,130.3204,0,10.677618,0,-69.355774,43.71517,2.0
E01,2014-11-21T06:00:00Z,Central Maine Shelf,14.0784,0,119.7724,0,10.677618,0,-69.355774,43.71517,2.0
E01,2014-11-21T07:00:00Z,Central Maine Shelf,14.0784,0,104.302,0,10.614239,0,-69.355774,43.71517,2.0
E01,2014-11-21T08:00:00Z,Central Maine Shelf,14.665,0,102.1924,0,10.614239,0,-69.355774,43.71517,2.0
E01,2014-11-21T09:00:00Z,Central Maine Shelf,12.9052,0,89.1832,0,10.614239,0,-69.355774,43.71517,2.0
E01,2014-11-21T10:00:00Z,Central Maine Shelf,11.1454,0,87.0736,0,10.55085,0,-69.355774,43.71517,2.0
E01,2014-11-21T11:00:00Z,Central Maine Shelf,11.1454,0,84.6124,0,10.48745,0,-69.355774,43.71517,2.0
E01,2014-11-21T12:00:00Z,Central Maine Shelf,12.6119,0,84.964,0,10.42404,0,-69.355774,43.71517,2.0
E01,2014-11-21T13:00:00Z,Central Maine Shelf,10.8521,0,111.6856,0,10.42404,0,-69.355774,43.71517,2.0
E01,2014-11-21T14:00:00Z,Central Maine Shelf,7.0392,0,127.5076,0,10.455747,0,-69.355774,43.71517,2.0
E01,2014-11-21T15:00:00Z,Central Maine Shelf,15.2516,0,117.6628,0,10.42404,0,-69.355774,43.71517,2.0
E01,2014-11-21T16:00:00Z,Central Maine Shelf,15.8382,0,145.0876,0,10.39233,0,-69.355774,43.71517,2.0
E01,2014-11-21T17:00:00Z,Central Maine Shelf,17.8913,0,143.3296,0,10.42404,0,-69.355774,43.71517,2.0
E01,2014-11-21T18:00:00Z,Central Maine Shelf,19.3578,0,147.5488,0,10.455747,0,-69.355774,43.71517,2.0
E01,2014-11-21T19:00:00Z,Central Maine Shelf,17.598,0,149.3068,0,10.48745,0,-69.355774,43.71517,2.0
E01,2014-11-21T20:00:00Z,Central Maine Shelf,10.2655,0,153.8776,0,10.519152,0,-69.355774,43.71517,2.0
E01,2014-11-21T21:00:00Z,Central Maine Shelf,3.2263,0,179.896,0,10.519152,0,-69.355774,43.71517,2.0
E01,2014-11-21T22:00:00Z,Central Maine Shelf,10.2655,0,132.43,0,10.48745,0,-69.355774,43.71517,2.0
E01,2014-11-21T23:00:00Z,Central Maine Shelf,15.5449,0,114.4984,0,10.519152,0,-69.355774,43.71517,2.0
E01,2014-11-22T00:00:00Z,Central Maine Shelf,18.1846,0,96.2152,0,10.519152,0,-69.355774,43.71517,2.0
E01,2014-11-22T01:00:00Z,Central Maine Shelf,11.732,0,89.5348,0,10.519152,0,-69.355774,43.71517,2.0
E01,2014-11-22T02:00:00Z,Central Maine Shelf,14.3717,0,112.3888,0,10.455747,0,-69.355774,43.71517,2.0
E01,2014-11-22T03:00:00Z,Central Maine Shelf,22.2908,0,142.6264,0,10.42404,0,-69.355774,43.71517,2.0
E01,2014-11-22T04:00:00Z,Central Maine Shelf,21.4109,0,128.914,0,10.455747,0,-69.355774,43.71517,2.0
E01,2014-11-22T05:00:00Z,Central Maine Shelf,14.3717,0,147.1972,0,10.42404,0,-69.355774,43.71517,2.0
E01,2014-11-22T06:00:00Z,Central Maine Shelf,12.6119,0,125.398,0,10.48745,0,-69.355774,43.71517,2.0
E01,2014-11-22T07:00:00Z,Central Maine Shelf,11.732,0,127.156,0,10.48745,0,-69.355774,43.71517,2.0
E01,2014-11-22T08:00:00Z,Central Maine Shelf,6.7459,0,103.5988,0,10.48745,0,-69.355774,43.71517,2.0
E01,2014-11-22T09:00:00Z,Central Maine Shelf,10.8521,0,93.0508,0,10.39233,0,-69.355774,43.71517,2.0
E01,2014-11-22T10:00:00Z,Central Maine Shelf,13.7851,0,81.7996,0,10.519152,0,-69.355774,43.71517,2.0
E01,2014-11-22T11:00:00Z,Central Maine Shelf,10.2655,0,60.7036,0,10.55085,0,-69.355774,43.71517,2.0
E01,2014-11-22T12:00:00Z,Central Maine Shelf,10.2655,0,76.8772,0,10.582545,0,-69.355774,43.71517,2.0
E01,2014-11-22T13:00:00Z,Central Maine Shelf,17.0114,0,79.3384,0,10.48745,0,-69.355774,43.71517,2.0
E01,2014-11-22T14:00:00Z,Central Maine Shelf,9.9722,0,75.4708,0,10.360619,0,-69.355774,43.71517,2.0
E01,2014-11-22T15:00:00Z,Central Maine Shelf,5.2794,0,137.3524,0,10.360619,0,-69.355774,43.71517,2.0
E01,2014-11-22T16:00:00Z,Central Maine Shelf,15.5449,0,79.3384,0,10.360619,0,-69.355774,43.71517,2.0
E01,2014-11-22T17:00:00Z,Central Maine Shelf,21.7042,0,86.0188,0,10.360619,0,-69.355774,43.71517,2.0
E01,2014-11-22T18:00:00Z,Central Maine Shelf,23.7573,0,107.818,0,10.328904,0,-69.355774,43.71517,2.0
E01,2014-11-22T19:00:00Z,Central Maine Shelf,14.0784,0,86.0188,0,10.39233,0,-69.355774,43.71517,2.0
E01,2014-11-22T20:00:00Z,Central Maine Shelf,12.0253,0,106.06,0,10.328904,0,-69.355774,43.71517,2.0
E01,2014-11-22T21:00:00Z,Central Maine Shelf,17.598,0,81.0964,0,10.328904,0,-69.355774,43.71517,2.0
E01,2014-11-22T22:00:00Z,Central Maine Shelf,23.7573,0,75.8224,0,10.328904,0,-69.355774,43.71517,2.0
E01,2014-11-22T23:00:00Z,Central Maine Shelf,27.8635,0,81.7996,0,10.328904,0,-69.355774,43.71517,2.0
E01,2014-11-23T00:00:00Z,Central Maine Shelf,35.7826,0,65.9776,0,10.519152,0,-69.355774,43.71517,2.0
E01,2014-11-23T01:00:00Z,Central Maine Shelf,24.0506,0,68.4388,0,10.328904,0,-69.355774,43.71517,2.0
E01,2014-11-23T02:00:00Z,Central Maine Shelf,30.5032,0,85.6672,0,10.202017,0,-69.355774,43.71517,2.0
E01,2014-11-23T03:00:00Z,Central Maine Shelf,22.5841,0,83.206,0,10.328904,0,-69.355774,43.71517,2.0
E01,2014-11-23T04:00:00Z,Central Maine Shelf,20.531,0,80.0416,0,10.519152,0,-69.355774,43.71517,2.0
E01,2014-11-23T05:00:00Z,Central Maine Shelf,19.3578,0,89.8864,0,10.519152,0,-69.355774,43.71517,2.0
E01,2014-11-23T06:00:00Z,Central Maine Shelf,24.9305,0,93.4024,0,10.519152,0,-69.355774,43.71517,2.0
E01,2014-11-23T07:00:00Z,Central Maine Shelf,19.0645,0,97.6216,0,10.233743,0,-69.355774,43.71517,2.0
E01,2014-11-23T08:00:00Z,Central Maine Shelf,5.5727,0,128.5624,0,10.202017,0,-69.355774,43.71517,2.0
E01,2014-11-23T09:00:00Z,Central Maine Shelf,17.8913,0,98.6764,0,10.1385565,0,-69.355774,43.71517,2.0
E01,2014-11-23T10:00:00Z,Central Maine Shelf,31.6764,0,78.6352,0,10.170288,0,-69.355774,43.71517,2.0
E01,2014-11-23T11:00:00Z,Central Maine Shelf,25.8104,0,88.48,0,10.1385565,0,-69.355774,43.71517,2.0
E01,2014-11-23T12:00:00Z,Central Maine Shelf,16.4248,0,30.8176,0,10.106821,0,-69.355774,43.71517,2.0
E01,2014-11-23T13:00:00Z,Central Maine Shelf,15.8382,0,75.1192,0,10.1385565,0,-69.355774,43.71517,2.0
E01,2014-11-23T14:00:00Z,Central Maine Shelf,9.6789,0,86.722,0,10.170288,0,-69.355774,43.71517,2.0
E01,2014-11-23T15:00:00Z,Central Maine Shelf,5.866,0,77.2288,0,10.233743,0,-69.355774,43.71517,2.0
E01,2014-11-23T16:00:00Z,Central Maine Shelf,6.7459,0,94.8088,0,10.233743,0,-69.355774,43.71517,2.0
E01,2014-11-23T17:00:00Z,Central Maine Shelf,10.8521,0,118.366,0,10.202017,0,-69.355774,43.71517,2.0
E01,2014-11-23T18:00:00Z,Central Maine Shelf,11.4387,0,139.462,0,10.170288,0,-69.355774,43.71517,2.0
E01,2014-11-23T19:00:00Z,Central Maine Shelf,11.1454,0,110.2792,0,10.170288,0,-69.355774,43.71517,2.0
E01,2014-11-23T20:00:00Z,Central Maine Shelf,6.7459,0,275.5312,0,10.170288,0,-69.355774,43.71517,2.0
E01,2014-11-23T21:00:00Z,Central Maine Shelf,3.2263,0,91.6444,0,10.106821,0,-69.355774,43.71517,2.0
E01,2014-11-23T22:00:00Z,Central Maine Shelf,3.2263,0,111.334,0,10.106821,0,-69.355774,43.71517,2.0
E01,2014-11-23T23:00:00Z,Central Maine Shelf,7.0392,0,141.22,0,10.075084,0,-69.355774,43.71517,2.0
E01,2014-11-24T00:00:00Z,Central Maine Shelf,1.4665,0,73.7128,0,10.075084,0,-69.355774,43.71517,2.0
E01,2014-11-24T01:00:00Z,Central Maine Shelf,2.6397,0,49.4524,0,10.043343,0,-69.355774,43.71517,2.0
E01,2014-11-24T02:00:00Z,Central Maine Shelf,3.8129,0,232.2844,0,10.043343,0,-69.355774,43.71517,2.0
E01,2014-11-24T03:00:00Z,Central Maine Shelf,2.933,0,312.0976,0,10.043343,0,-69.355774,43.71517,2.0
E01,2014-11-24T04:00:00Z,Central Maine Shelf,10.5588,0,120.4756,0,10.043343,0,-69.355774,43.71517,2.0
E01,2014-11-24T05:00:00Z,Central Maine Shelf,2.3464,0,11.4796,0,10.043343,0,-69.355774,43.71517,2.0
E01,2014-11-24T06:00:00Z,Central Maine Shelf,1.7598,0,190.7956,0,10.011599,0,-69.355774,43.71517,2.0
E01,2014-11-24T07:00:00Z,Central Maine Shelf,7.6258,0,150.01,0,10.011599,0,-69.355774,43.71517,2.0
E01,2014-11-24T08:00:00Z,Central Maine Shelf,2.933,0,85.6672,0,9.979852,0,-69.355774,43.71517,2.0
E01,2014-11-24T09:00:00Z,Central Maine Shelf,6.4526,0,114.85,0,9.979852,0,-69.355774,43.71517,2.0
E01,2014-11-24T10:00:00Z,Central Maine Shelf,6.7459,0,91.2928,0,9.916348,0,-69.355774,43.71517,2.0
E01,2014-11-24T11:00:00Z,Central Maine Shelf,10.2655,0,39.256,0,9.852833,0,-69.355774,43.71517,2.0
E01,2014-11-24T12:00:00Z,Central Maine Shelf,7.6258,0,358.1188,0,9.789304,0,-69.355774,43.71517,2.0
E01,2014-11-24T13:00:00Z,Central Maine Shelf,4.6928,0,38.9044,0,9.979852,0,-69.355774,43.71517,2.0
E01,2014-11-24T14:00:00Z,Central Maine Shelf,17.598,0,29.7628,0,10.39233,0,-69.355774,43.71517,2.0
E01,2014-11-24T15:00:00Z,Central Maine Shelf,21.4109,0,16.0504,0,10.39233,0,-69.355774,43.71517,2.0
E01,2014-11-24T16:00:00Z,Central Maine Shelf,12.9052,0,21.3244,0,10.42404,0,-69.355774,43.71517,2.0
E01,2014-11-24T17:00:00Z,Central Maine Shelf,13.4918,0,15.3472,0,10.42404,0,-69.355774,43.71517,2.0
E01,2014-11-24T18:00:00Z,Central Maine Shelf,14.3717,0,12.5344,0,10.455747,0,-69.355774,43.71517,2.0
E01,2014-11-24T19:00:00Z,Central Maine Shelf,16.7181,0,61.4068,0,10.48745,0,-69.355774,43.71517,2.0
E01,2014-11-24T20:00:00Z,Central Maine Shelf,2.6397,0,37.498,0,10.455747,0,-69.355774,43.71517,2.0
E01,2014-11-24T21:00:00Z,Central Maine Shelf,13.7851,0,74.7676,0,10.48745,0,-69.355774,43.71517,2.0
E01,2014-11-24T22:00:00Z,Central Maine Shelf,11.1454,0,52.2652,0,10.48745,0,-69.355774,43.71517,2.0
E01,2014-11-24T23:00:00Z,Central Maine Shelf,19.9444,0,35.74,0,10.48745,0,-69.355774,43.71517,2.0
E01,2014-11-25T00:00:00Z,Central Maine Shelf,24.6372,0,17.8084,0,10.48745,0,-69.355774,43.71517,2.0
E01,2014-11-25T01:00:00Z,Central Maine Shelf,18.7712,0,22.3792,0,10.48745,0,-69.355774,43.71517,2.0
E01,2014-11-25T02:00:00Z,Central Maine Shelf,18.4779,0,17.1052,0,10.42404,0,-69.355774,43.71517,2.0
E01,2014-11-25T03:00:00Z,Central Maine Shelf,9.3856,0,31.5208,0,10.42404,0,-69.355774,43.71517,2.0
E01,2014-11-25T04:00:00Z,Central Maine Shelf,4.6928,0,36.4432,0,10.42404,0,-69.355774,43.71517,2.0
E01,2014-11-25T05:00:00Z,Central Maine Shelf,7.0392,0,69.8452,0,10.42404,0,-69.355774,43.71517,2.0
E01,2014-11-25T06:00:00Z,Central Maine Shelf,4.1062,0,87.0736,0,10.42404,0,-69.355774,43.71517,2.0
E01,2014-11-25T07:00:00Z,Central Maine Shelf,2.0531,0,21.676,0,10.42404,0,-69.355774,43.71517,2.0
E01,2014-11-25T08:00:00Z,Central Maine Shelf,4.9861,0,25.5436,0,10.42404,0,-69.355774,43.71517,2.0
E01,2014-11-25T09:00:00Z,Central Maine Shelf,4.1062,0,107.1148,0,10.42404,0,-69.355774,43.71517,2.0
E01,2014-11-25T10:00:00Z,Central Maine Shelf,3.8129,0,100.0828,0,10.42404,0,-69.355774,43.71517,2.0
E01,2014-11-25T11:00:00Z,Central Maine Shelf,3.5196,0,78.9868,0,10.42404,0,-69.355774,43.71517,2.0
E01,2014-11-25T12:00:00Z,Central Maine Shelf,9.3856,0,71.2516,0,10.42404,0,-69.355774,43.71517,2.0
E01,2014-11-25T13:00:00Z,Central Maine Shelf,3.5196,0,31.5208,0,10.42404,0,-69.355774,43.71517,2.0
E01,2014-11-25T14:00:00Z,Central Maine Shelf,2.0531,0,78.2836,0,10.455747,0,-69.355774,43.71517,2.0
E01,2014-11-25T15:00:00Z,Central Maine Shelf,8.799,0,42.772,0,10.455747,0,-69.355774,43.71517,2.0
E01,2014-11-25T16:00:00Z,Central Maine Shelf,2.933,0,116.608,0,10.455747,0,-69.355774,43.71517,2.0
E01,2014-11-25T17:00:00Z,Central Maine Shelf,6.1593,0,46.9912,0,10.455747,0,-69.355774,43.71517,2.0
E01,2014-11-25T18:00:00Z,Central Maine Shelf,6.1593,0,89.1832,0,10.455747,0,-69.355774,43.71517,2.0
E01,2014-11-25T19:00:00Z,Central Maine Shelf,2.933,0,84.2608,0,10.42404,0,-69.355774,43.71517,2.0
E01,2014-11-25T20:00:00Z,Central Maine Shelf,8.799,0,118.366,0,10.42404,0,-69.355774,43.71517,2.0
E01,2014-11-25T21:00:00Z,Central Maine Shelf,5.5727,0,112.3888,0,10.42404,0,-69.355774,43.71517,2.0
E01,2014-11-25T22:00:00Z,Central Maine Shelf,8.2124,0,86.3704,0,10.42404,0,-69.355774,43.71517,2.0
E01,2014-11-25T23:00:00Z,Central Maine Shelf,13.1985,0,105.0052,0,10.39233,0,-69.355774,43.71517,2.0
E01,2014-11-26T00:00:00Z,Central Maine Shelf,8.799,0,90.238,0,10.39233,0,-69.355774,43.71517,2.0
E01,2014-11-26T01:00:00Z,Central Maine Shelf,10.8521,0,113.092,0,10.360619,0,-69.355774,43.71517,2.0
E01,2014-11-26T02:00:00Z,Central Maine Shelf,4.9861,0,100.786,0,10.297187,0,-69.355774,43.71517,2.0
E01,2014-11-26T03:00:00Z,Central Maine Shelf,4.1062,0,135.5944,0,10.265467,0,-69.355774,43.71517,2.0
E01,2014-11-26T04:00:00Z,Central Maine Shelf,4.6928,0,94.1056,0,10.1385565,0,-69.355774,43.71517,2.0
E01,2014-11-26T05:00:00Z,Central Maine Shelf,11.732,0,112.3888,0,10.106821,0,-69.355774,43.71517,2.0
E01,2014-11-26T06:00:00Z,Central Maine Shelf,6.1593,0,128.2108,0,10.106821,0,-69.355774,43.71517,2.0
E01,2014-11-26T07:00:00Z,Central Maine Shelf,16.7181,0,113.092,0,10.170288,0,-69.355774,43.71517,2.0
E01,2014-11-26T08:00:00Z,Central Maine Shelf,10.5588,0,104.302,0,10.1385565,0,-69.355774,43.71517,2.0
E01,2014-11-26T09:00:00Z,Central Maine Shelf,8.799,0,102.1924,0,10.170288,0,-69.355774,43.71517,2.0
E01,2014-11-26T10:00:00Z,Central Maine Shelf,22.8774,0,106.7632,0,10.202017,0,-69.355774,43.71517,2.0
E01,2014-11-26T11:00:00Z,Central Maine Shelf,0.8799,0,21.3244,0,10.170288,0,-69.355774,43.71517,2.0
E01,2014-11-26T12:00:00Z,Central Maine Shelf,4.3995,0,107.1148,0,10.1385565,0,-69.355774,43.71517,2.0
E01,2014-11-26T13:00:00Z,Central Maine Shelf,4.9861,0,107.4664,0,10.1385565,0,-69.355774,43.71517,2.0
E01,2014-11-26T14:00:00Z,Central Maine Shelf,4.9861,0,107.818,0,10.170288,0,-69.355774,43.71517,2.0
E01,2014-11-26T15:00:00Z,Central Maine Shelf,7.0392,0,59.6488,0,10.202017,0,-69.355774,43.71517,2.0
E01,2014-11-26T16:00:00Z,Central Maine Shelf,4.6928,0,44.53,0,10.233743,0,-69.355774,43.71517,2.0
E01,2014-11-26T17:00:00Z,Central Maine Shelf,2.3464,0,121.882,0,10.297187,0,-69.355774,43.71517,2.0
E01,2014-11-26T18:00:00Z,Central Maine Shelf,5.2794,0,191.1472,0,10.328904,0,-69.355774,43.71517,2.0
E01,2014-11-26T19:00:00Z,Central Maine Shelf,6.7459,0,180.9508,0,10.297187,0,-69.355774,43.71517,2.0
E01,2014-11-26T20:00:00Z,Central Maine Shelf,7.6258,0,177.0832,0,10.297187,0,-69.355774,43.71517,2.0
E01,2014-11-26T21:00:00Z,Central Maine Shelf,2.6397,0,183.0604,0,10.265467,0,-69.355774,43.71517,2.0
E01,2014-11-26T22:00:00Z,Central Maine Shelf,15.2516,0,177.0832,0,10.233743,0,-69.355774,43.71517,2.0
E01,2014-11-26T23:00:00Z,Central Maine Shelf,19.0645,0,172.5124,0,10.202017,0,-69.355774,43.71517,2.0
E01,2014-11-27T00:00:00Z,Central Maine Shelf,11.1454,0,164.7772,0,10.202017,0,-69.355774,43.71517,2.0
E01,2014-11-27T01:00:00Z,Central Maine Shelf,14.665,0,196.0696,0,10.170288,0,-69.355774,43.71517,2.0
E01,2014-11-27T02:00:00Z,Central Maine Shelf,8.2124,0,162.6676,0,10.170288,0,-69.355774,43.71517,2.0
E01,2014-11-27T03:00:00Z,Central Maine Shelf,10.8521,0,221.3848,0,10.106821,0,-69.355774,43.71517,2.0
E01,2014-11-27T04:00:00Z,Central Maine Shelf,13.4918,0,230.5264,0,10.106821,0,-69.355774,43.71517,2.0
E01,2014-11-27T05:00:00Z,Central Maine Shelf,20.2377,0,194.3116,0,10.106821,0,-69.355774,43.71517,2.0
E01,2014-11-27T06:00:00Z,Central Maine Shelf,26.6903,0,203.1016,0,10.1385565,0,-69.355774,43.71517,2.0
E01,2014-11-27T07:00:00Z,Central Maine Shelf,24.9305,0,218.9236,0,10.1385565,0,-69.355774,43.71517,2.0
E01,2014-11-27T08:00:00Z,Central Maine Shelf,21.1176,0,215.4076,0,10.106821,0,-69.355774,43.71517,2.0
E01,2014-11-27T09:00:00Z,Central Maine Shelf,29.33,0,211.1884,0,10.202017,0,-69.355774,43.71517,2.0
E01,2014-11-27T10:00:00Z,Central Maine Shelf,18.7712,0,216.814,0,10.170288,0,-69.355774,43.71517,2.0
E01,2014-11-27T11:00:00Z,Central Maine Shelf,26.1037,0,224.9008,0,10.170288,0,-69.355774,43.71517,2.0
E01,2014-11-27T12:00:00Z,Central Maine Shelf,20.8243,0,231.9328,0,10.170288,0,-69.355774,43.71517,2.0
E01,2014-11-27T13:00:00Z,Central Maine Shelf,10.8521,0,247.4032,0,10.170288,0,-69.355774,43.71517,2.0
E01,2014-11-27T14:00:00Z,Central Maine Shelf,14.665,0,269.554,0,10.170288,0,-69.355774,43.71517,2.0
E01,2014-11-27T15:00:00Z,Central Maine Shelf,7.9191,0,258.6544,0,10.170288,0,-69.355774,43.71517,2.0
E01,2014-11-27T16:00:00Z,Central Maine Shelf,4.1062,0,224.9008,0,10.170288,0,-69.355774,43.71517,2.0
E01,2014-11-27T17:00:00Z,Central Maine Shelf,6.4526,0,314.2072,0,10.170288,0,-69.355774,43.71517,2.0
E01,2014-11-27T18:00:00Z,Central Maine Shelf,12.6119,0,266.038,0,10.170288,0,-69.355774,43.71517,2.0
E01,2014-11-27T19:00:00Z,Central Maine Shelf,7.9191,0,263.9284,0,10.170288,0,-69.355774,43.71517,2.0
E01,2014-11-27T20:00:00Z,Central Maine Shelf,10.5588,0,231.5812,0,10.170288,0,-69.355774,43.71517,2.0
E01,2014-11-27T21:00:00Z,Central Maine Shelf,6.4526,0,209.0788,0,10.170288,0,-69.355774,43.71517,2.0
E01,2014-11-27T22:00:00Z,Central Maine Shelf,6.7459,0,206.6176,0,10.1385565,0,-69.355774,43.71517,2.0
E01,2014-11-27T23:00:00Z,Central Maine Shelf,5.866,0,155.9872,0,10.170288,0,-69.355774,43.71517,2.0
E01,2014-11-28T00:00:00Z,Central Maine Shelf,1.1732,0,170.7544,0,10.170288,0,-69.355774,43.71517,2.0
E01,2014-11-28T01:00:00Z,Central Maine Shelf,3.5196,0,146.8456,0,10.1385565,0,-69.355774,43.71517,2.0
E01,2014-11-28T02:00:00Z,Central Maine Shelf,2.3464,0,34.6852,0,10.170288,0,-69.355774,43.71517,2.0
E01,2014-11-28T03:00:00Z,Central Maine Shelf,11.4387,0,341.9836,0,10.170288,0,-69.355774,43.71517,2.0
E01,2014-11-28T04:00:00Z,Central Maine Shelf,1.7598,0,316.6684,0,10.1385565,0,-69.355774,43.71517,2.0
E01,2014-11-28T05:00:00Z,Central Maine Shelf,5.5727,0,275.8828,0,10.1385565,0,-69.355774,43.71517,2.0
E01,2014-11-28T06:00:00Z,Central Maine Shelf,2.3464,0,278.344,0,10.1385565,0,-69.355774,43.71517,2.0
E01,2014-11-28T07:00:00Z,Central Maine Shelf,9.0923,0,224.1976,0,10.170288,0,-69.355774,43.71517,2.0
E01,2014-11-28T08:00:00Z,Central Maine Shelf,10.5588,0,263.5768,0,10.1385565,0,-69.355774,43.71517,2.0
E01,2014-11-28T09:00:00Z,Central Maine Shelf,8.2124,0,223.4944,0,10.1385565,0,-69.355774,43.71517,2.0
E01,2014-11-28T10:00:00Z,Central Maine Shelf,6.7459,0,225.604,0,10.106821,0,-69.355774,43.71517,2.0
E01,2014-11-28T11:00:00Z,Central Maine Shelf,2.6397,0,262.522,0,10.106821,0,-69.355774,43.71517,2.0
E01,2014-11-28T12:00:00Z,Central Maine Shelf,10.8521,0,231.2296,0,10.106821,0,-69.355774,43.71517,2.0
E01,2014-11-28T13:00:00Z,Central Maine Shelf,6.4526,0,208.3756,0,10.075084,0,-69.355774,43.71517,2.0
E01,2014-11-28T14:00:00Z,Central Maine Shelf,1.1732,0,262.522,0,10.106821,0,-69.355774,43.71517,2.0
E01,2014-11-28T15:00:00Z,Central Maine Shelf,2.0531,0,129.6172,0,10.106821,0,-69.355774,43.71517,2.0
E01,2014-11-28T16:00:00Z,Central Maine Shelf,4.6928,0,226.3072,0,10.075084,0,-69.355774,43.71517,2.0
E01,2014-11-28T17:00:00Z,Central Maine Shelf,5.866,0,182.7088,0,10.106821,0,-69.355774,43.71517,2.0
E01,2014-11-28T18:00:00Z,Central Maine Shelf,5.2794,0,39.6076,0,10.106821,0,-69.355774,43.71517,2.0
E01,2014-11-28T19:00:00Z,Central Maine Shelf,1.4665,0,312.0976,0,10.106821,0,-69.355774,43.71517,2.0
E01,2014-11-28T20:00:00Z,Central Maine Shelf,7.6258,0,176.38,0,10.043343,0,-69.355774,43.71517,2.0
E01,2014-11-28T21:00:00Z,Central Maine Shelf,14.3717,0,351.0868,0,10.075084,0,-69.355774,43.71517,2.0
E01,2014-11-28T22:00:00Z,Central Maine Shelf,3.2263,0,191.1472,0,10.011599,0,-69.355774,43.71517,2.0
E01,2014-11-28T23:00:00Z,Central Maine Shelf,2.6397,0,178.4896,0,10.075084,0,-69.355774,43.71517,2.0
E01,2014-11-29T00:00:00Z,Central Maine Shelf,8.799,0,192.202,0,10.011599,0,-69.355774,43.71517,2.0
E01,2014-11-29T01:00:00Z,Central Maine Shelf,6.1593,0,176.38,0,10.043343,0,-69.355774,43.71517,2.0
E01,2014-11-29T02:00:00Z,Central Maine Shelf,4.1062,0,140.1652,0,10.043343,0,-69.355774,43.71517,2.0
E01,2014-11-29T03:00:00Z,Central Maine Shelf,16.1315,0,157.042,0,9.979852,0,-69.355774,43.71517,2.0
E01,2014-11-29T04:00:00Z,Central Maine Shelf,2.0531,0,126.4528,0,10.011599,0,-69.355774,43.71517,2.0
E01,2014-11-29T05:00:00Z,Central Maine Shelf,1.4665,0,46.288,0,10.011599,0,-69.355774,43.71517,2.0
E01,2014-11-29T06:00:00Z,Central Maine Shelf,3.8129,0,165.4804,0,10.011599,0,-69.355774,43.71517,2.0
E01,2014-11-29T07:00:00Z,Central Maine Shelf,3.2263,0,219.9784,0,9.948102,0,-69.355774,43.71517,2.0
E01,2014-11-29T08:00:00Z,Central Maine Shelf,11.732,0,201.6952,0,9.948102,0,-69.355774,43.71517,2.0
E01,2014-11-29T09:00:00Z,Central Maine Shelf,7.0392,0,197.1244,0,9.948102,0,-69.355774,43.71517,2.0
E01,2014-11-29T10:00:00Z,Central Maine Shelf,14.0784,0,210.8368,0,9.948102,0,-69.355774,43.71517,2.0
E01,2014-11-29T11:00:00Z,Central Maine Shelf,12.9052,0,204.508,0,9.979852,0,-69.355774,43.71517,2.0
E01,2014-11-29T12:00:00Z,Central Maine Shelf,5.866,0,194.3116,0,9.979852,0,-69.355774,43.71517,2.0
E01,2014-11-29T13:00:00Z,Central Maine Shelf,5.2794,0,165.4804,0,9.948102,0,-69.355774,43.71517,2.0
E01,2014-11-29T14:00:00Z,Central Maine Shelf,4.9861,0,168.6448,0,9.979852,0,-69.355774,43.71517,2.0
E01,2014-11-29T15:00:00Z,Central Maine Shelf,4.9861,0,195.3664,0,10.011599,0,-69.355774,43.71517,2.0
E01,2014-11-29T16:00:00Z,Central Maine Shelf,8.2124,0,184.1152,0,10.043343,0,-69.355774,43.71517,2.0
E01,2014-11-29T17:00:00Z,Central Maine Shelf,6.1593,0,123.2884,0,10.011599,0,-69.355774,43.71517,2.0
E01,2014-11-29T18:00:00Z,Central Maine Shelf,1.1732,0,236.152,0,10.011599,0,-69.355774,43.71517,2.0
E01,2014-11-29T19:00:00Z,Central Maine Shelf,4.9861,0,186.2248,0,10.011599,0,-69.355774,43.71517,2.0
E01,2014-11-29T20:00:00Z,Central Maine Shelf,1.1732,0,289.9468,0,10.011599,0,-69.355774,43.71517,2.0
E01,2014-11-29T21:00:00Z,Central Maine Shelf,1.1732,0,177.4348,0,9.979852,0,-69.355774,43.71517,2.0
E01,2014-11-29T22:00:00Z,Central Maine Shelf,6.4526,0,212.2432,0,9.948102,0,-69.355774,43.71517,2.0
E01,2014-11-29T23:00:00Z,Central Maine Shelf,1.4665,0,19.918,0,9.916348,0,-69.355774,43.71517,2.0
E01,2014-11-30T00:00:00Z,Central Maine Shelf,0.8799,0,159.8548,0,9.948102,0,-69.355774,43.71517,2.0
E01,2014-11-30T01:00:00Z,Central Maine Shelf,3.8129,0,146.1424,0,9.948102,0,-69.355774,43.71517,2.0
E01,2014-11-30T02:00:00Z,Central Maine Shelf,16.7181,0,131.0236,0,9.948102,0,-69.355774,43.71517,2.0
E01,2014-11-30T03:00:00Z,Central Maine Shelf,4.6928,0,136.6492,0,9.979852,0,-69.355774,43.71517,2.0
E01,2014-11-30T04:00:00Z,Central Maine Shelf,7.3325,0,100.4344,0,9.948102,0,-69.355774,43.71517,2.0
E01,2014-11-30T05:00:00Z,Central Maine Shelf,9.0923,0,74.416,0,9.948102,0,-69.355774,43.71517,2.0
E01,2014-11-30T06:00:00Z,Central Maine Shelf,4.3995,0,81.7996,0,9.948102,0,-69.355774,43.71517,2.0
E01,2014-11-30T07:00:00Z,Central Maine Shelf,3.2263,0,38.2012,0,9.979852,0,-69.355774,43.71517,2.0
E01,2014-11-30T08:00:00Z,Central Maine Shelf,4.6928,0,78.6352,0,9.979852,0,-69.355774,43.71517,2.0
E01,2014-11-30T09:00:00Z,Central Maine Shelf,4.1062,0,11.8312,0,9.979852,0,-69.355774,43.71517,2.0
E01,2014-11-30T10:00:00Z,Central Maine Shelf,7.6258,0,60.7036,0,9.979852,0,-69.355774,43.71517,2.0
E01,2014-11-30T11:00:00Z,Central Maine Shelf,6.1593,0,78.2836,0,9.979852,0,-69.355774,43.71517,2.0
E01,2014-11-30T12:00:00Z,Central Maine Shelf,5.5727,0,28.0048,0,10.043343,0,-69.355774,43.71517,2.0
E01,2014-11-30T13:00:00Z,Central Maine Shelf,14.3717,0,68.0872,0,10.075084,0,-69.355774,43.71517,2.0
E01,2014-11-30T14:00:00Z,Central Maine Shelf,16.1315,0,86.0188,0,10.043343,0,-69.355774,43.71517,2.0
E01,2014-11-30T15:00:00Z,Central Maine Shelf,18.7712,0,73.3612,0,9.916348,0,-69.355774,43.71517,2.0
E01,2014-11-30T16:00:00Z,Central Maine Shelf,17.598,0,73.7128,0,9.82107,0,-69.355774,43.71517,2.0
E01,2014-11-30T17:00:00Z,Central Maine Shelf,14.9583,0,73.3612,0,9.82107,0,-69.355774,43.71517,2.0
E01,2014-11-30T18:00:00Z,Central Maine Shelf,21.7042,0,83.9092,0,9.916348,0,-69.355774,43.71517,2.0
E01,2014-11-30T19:00:00Z,Central Maine Shelf,7.9191,0,75.8224,0,9.979852,0,-69.355774,43.71517,2.0
E01,2014-11-30T20:00:00Z,Central Maine Shelf,10.5588,0,82.5028,0,10.043343,0,-69.355774,43.71517,2.0
E01,2014-11-30T21:00:00Z,Central Maine Shelf,12.9052,0,76.174,0,10.075084,0,-69.355774,43.71517,2.0
E01,2014-11-30T22:00:00Z,Central Maine Shelf,11.732,0,77.2288,0,10.075084,0,-69.355774,43.71517,2.0
E01,2014-11-30T23:00:00Z,Central Maine Shelf,14.665,0,105.7084,0,10.043343,0,-69.355774,43.71517,2.0
E01,2014-12-01T00:00:00Z,Central Maine Shelf,10.8521,0,102.1924,0,10.043343,0,-69.355774,43.71517,2.0
